"Path ID","Unique ID","Rule ID","Left","Right"
"1","TRS_0_0_2_0","MNXR56822_MNXM3355","1.CMPD_0000000006:1.CMPD_0000000007","1.TARGET_0000000001"
"1","TRS_0_1_13_0","MNXR63359_MNXM2781","1.CMPD_0000000015:1.MNXM01:1.MNXM6","1.CMPD_0000000007"
"1","TRS_0_1_8_0","MNXR1041_MNXM443","1.CMPD_0000000026:1.MNXM12","1.CMPD_0000000006"
"1","TRS_0_2_215_0","MNXR8896_MNXM1887,MNXR94641_MNXM1887","1.CMPD_0000000163:1.MNXM4","1.CMPD_0000000015"
"1","TRS_0_2_223_0","MNXR53231_MNXM890,MNXR93744_MNXM890","1.CMPD_0000000163","1.CMPD_0000000026"
"1","TRS_0_3_301_0","MNXR55970_MNXM279,MNXR70957_MNXM279,MNXR73258_MNXM279","1.MNXM4:1.MNXM76","1.CMPD_0000000163"
"2","TRS_0_0_2_0","MNXR56822_MNXM3355","1.CMPD_0000000006:1.CMPD_0000000007","1.TARGET_0000000001"
"2","TRS_0_1_13_0","MNXR63359_MNXM2781","1.CMPD_0000000015:1.MNXM01:1.MNXM6","1.CMPD_0000000007"
"2","TRS_0_1_3_0","MNXR1772_MNXM12,MNXR78501_MNXM12","1.CMPD_0000000018:1.MNXM3","1.CMPD_0000000006"
"2","TRS_0_2_215_0","MNXR8896_MNXM1887,MNXR94641_MNXM1887","1.CMPD_0000000163:1.MNXM4","1.CMPD_0000000015"
"2","TRS_0_2_223_0","MNXR53231_MNXM890,MNXR93744_MNXM890","1.CMPD_0000000163","1.CMPD_0000000026"
"2","TRS_0_2_9_0","MNXR1041_MNXM443","1.CMPD_0000000026:1.MNXM481","1.CMPD_0000000018"
"2","TRS_0_3_301_0","MNXR55970_MNXM279,MNXR70957_MNXM279,MNXR73258_MNXM279","1.MNXM4:1.MNXM76","1.CMPD_0000000163"
"3","TRS_0_0_2_0","MNXR56822_MNXM3355","1.CMPD_0000000006:1.CMPD_0000000007","1.TARGET_0000000001"
"3","TRS_0_1_13_0","MNXR63359_MNXM2781","1.CMPD_0000000015:1.MNXM01:1.MNXM6","1.CMPD_0000000007"
"3","TRS_0_1_8_0","MNXR1041_MNXM443","1.CMPD_0000000026:1.MNXM12","1.CMPD_0000000006"
"3","TRS_0_2_215_0","MNXR8896_MNXM1887,MNXR94641_MNXM1887","1.CMPD_0000000163:1.MNXM4","1.CMPD_0000000015"
"3","TRS_0_2_220_0","MNXR21180_MNXM890","1.CMPD_0000000169:1.MNXM4:1.MNXM6","1.CMPD_0000000026"
"3","TRS_0_3_305_0","MNXR93744_MNXM279","1.CMPD_0000000026:1.MNXM15","1.CMPD_0000000163"
"3","TRS_0_3_337_0","MNXR14773_MNXM505","1.MNXM10:1.MNXM164:1.MNXM26","1.CMPD_0000000169"
"4","TRS_0_0_2_0","MNXR56822_MNXM3355","1.CMPD_0000000006:1.CMPD_0000000007","1.TARGET_0000000001"
"4","TRS_0_1_13_0","MNXR63359_MNXM2781","1.CMPD_0000000015:1.MNXM01:1.MNXM6","1.CMPD_0000000007"
"4","TRS_0_1_8_0","MNXR1041_MNXM443","1.CMPD_0000000026:1.MNXM12","1.CMPD_0000000006"
"4","TRS_0_2_215_0","MNXR8896_MNXM1887,MNXR94641_MNXM1887","1.CMPD_0000000163:1.MNXM4","1.CMPD_0000000015"
"4","TRS_0_2_220_0","MNXR21180_MNXM890","1.CMPD_0000000169:1.MNXM4:1.MNXM6","1.CMPD_0000000026"
"4","TRS_0_3_301_0","MNXR55970_MNXM279,MNXR70957_MNXM279,MNXR73258_MNXM279","1.MNXM4:1.MNXM76","1.CMPD_0000000163"
"4","TRS_0_3_337_0","MNXR14773_MNXM505","1.MNXM10:1.MNXM164:1.MNXM26","1.CMPD_0000000169"
"5","TRS_0_0_2_0","MNXR56822_MNXM3355","1.CMPD_0000000006:1.CMPD_0000000007","1.TARGET_0000000001"
"5","TRS_0_1_13_0","MNXR63359_MNXM2781","1.CMPD_0000000015:1.MNXM01:1.MNXM6","1.CMPD_0000000007"
"5","TRS_0_1_8_0","MNXR1041_MNXM443","1.CMPD_0000000026:1.MNXM12","1.CMPD_0000000006"
"5","TRS_0_2_215_0","MNXR8896_MNXM1887,MNXR94641_MNXM1887","1.CMPD_0000000163:1.MNXM4","1.CMPD_0000000015"
"5","TRS_0_2_224_0","MNXR89767_MNXM890","1.CMPD_0000000170","1.CMPD_0000000026"
"5","TRS_0_3_301_0","MNXR55970_MNXM279,MNXR70957_MNXM279,MNXR73258_MNXM279","1.MNXM4:1.MNXM76","1.CMPD_0000000163"
"5","TRS_0_3_334_0","MNXR8824_MNXM3476,MNXR94628_MNXM3476","1.CMPD_0000000163:1.MNXM10","1.CMPD_0000000170"
"6","TRS_0_0_2_0","MNXR56822_MNXM3355","1.CMPD_0000000006:1.CMPD_0000000007","1.TARGET_0000000001"
"6","TRS_0_1_1_0","MNXR1039_MNXM443","1.CMPD_0000000011:1.MNXM21","1.CMPD_0000000006"
"6","TRS_0_1_13_0","MNXR63359_MNXM2781","1.CMPD_0000000015:1.MNXM01:1.MNXM6","1.CMPD_0000000007"
"6","TRS_0_2_215_0","MNXR8896_MNXM1887,MNXR94641_MNXM1887","1.CMPD_0000000163:1.MNXM4","1.CMPD_0000000015"
"6","TRS_0_2_232_0","MNXR5338_MNXM2779","1.CMPD_0000000180:1.MNXM10","1.CMPD_0000000011"
"6","TRS_0_3_301_0","MNXR55970_MNXM279,MNXR70957_MNXM279,MNXR73258_MNXM279","1.MNXM4:1.MNXM76","1.CMPD_0000000163"
"6","TRS_0_3_349_0","MNXR16006_MNXM204,MNXR93854_MNXM204","1.MNXM01:1.MNXM4:1.MNXM421","1.CMPD_0000000180"
"7","TRS_0_0_2_0","MNXR56822_MNXM3355","1.CMPD_0000000006:1.CMPD_0000000007","1.TARGET_0000000001"
"7","TRS_0_1_1_0","MNXR1039_MNXM443","1.CMPD_0000000011:1.MNXM21","1.CMPD_0000000006"
"7","TRS_0_1_13_0","MNXR63359_MNXM2781","1.CMPD_0000000015:1.MNXM01:1.MNXM6","1.CMPD_0000000007"
"7","TRS_0_2_215_0","MNXR8896_MNXM1887,MNXR94641_MNXM1887","1.CMPD_0000000163:1.MNXM4","1.CMPD_0000000015"
"7","TRS_0_2_231_0","MNXR23496_MNXM2779","1.CMPD_0000000179:1.MNXM4","1.CMPD_0000000011"
"7","TRS_0_3_301_0","MNXR55970_MNXM279,MNXR70957_MNXM279,MNXR73258_MNXM279","1.MNXM4:1.MNXM76","1.CMPD_0000000163"
"7","TRS_0_3_744_0","MNXR26351_MNXM577,MNXR84969_MNXM577","1.MNXM2:1.MNXM828","1.CMPD_0000000179"
"8","TRS_0_0_2_0","MNXR56822_MNXM3355","1.CMPD_0000000006:1.CMPD_0000000007","1.TARGET_0000000001"
"8","TRS_0_1_13_0","MNXR63359_MNXM2781","1.CMPD_0000000015:1.MNXM01:1.MNXM6","1.CMPD_0000000007"
"8","TRS_0_1_3_0","MNXR1772_MNXM12,MNXR78501_MNXM12","1.CMPD_0000000018:1.MNXM3","1.CMPD_0000000006"
"8","TRS_0_2_215_0","MNXR8896_MNXM1887,MNXR94641_MNXM1887","1.CMPD_0000000163:1.MNXM4","1.CMPD_0000000015"
"8","TRS_0_2_220_0","MNXR21180_MNXM890","1.CMPD_0000000169:1.MNXM4:1.MNXM6","1.CMPD_0000000026"
"8","TRS_0_2_9_0","MNXR1041_MNXM443","1.CMPD_0000000026:1.MNXM481","1.CMPD_0000000018"
"8","TRS_0_3_305_0","MNXR93744_MNXM279","1.CMPD_0000000026:1.MNXM15","1.CMPD_0000000163"
"8","TRS_0_3_337_0","MNXR14773_MNXM505","1.MNXM10:1.MNXM164:1.MNXM26","1.CMPD_0000000169"
"9","TRS_0_0_2_0","MNXR56822_MNXM3355","1.CMPD_0000000006:1.CMPD_0000000007","1.TARGET_0000000001"
"9","TRS_0_1_13_0","MNXR63359_MNXM2781","1.CMPD_0000000015:1.MNXM01:1.MNXM6","1.CMPD_0000000007"
"9","TRS_0_1_3_0","MNXR1772_MNXM12,MNXR78501_MNXM12","1.CMPD_0000000018:1.MNXM3","1.CMPD_0000000006"
"9","TRS_0_2_215_0","MNXR8896_MNXM1887,MNXR94641_MNXM1887","1.CMPD_0000000163:1.MNXM4","1.CMPD_0000000015"
"9","TRS_0_2_220_0","MNXR21180_MNXM890","1.CMPD_0000000169:1.MNXM4:1.MNXM6","1.CMPD_0000000026"
"9","TRS_0_2_9_0","MNXR1041_MNXM443","1.CMPD_0000000026:1.MNXM481","1.CMPD_0000000018"
"9","TRS_0_3_301_0","MNXR55970_MNXM279,MNXR70957_MNXM279,MNXR73258_MNXM279","1.MNXM4:1.MNXM76","1.CMPD_0000000163"
"9","TRS_0_3_337_0","MNXR14773_MNXM505","1.MNXM10:1.MNXM164:1.MNXM26","1.CMPD_0000000169"
"10","TRS_0_0_2_0","MNXR56822_MNXM3355","1.CMPD_0000000006:1.CMPD_0000000007","1.TARGET_0000000001"
"10","TRS_0_1_13_0","MNXR63359_MNXM2781","1.CMPD_0000000015:1.MNXM01:1.MNXM6","1.CMPD_0000000007"
"10","TRS_0_1_3_0","MNXR1772_MNXM12,MNXR78501_MNXM12","1.CMPD_0000000018:1.MNXM3","1.CMPD_0000000006"
"10","TRS_0_2_215_0","MNXR8896_MNXM1887,MNXR94641_MNXM1887","1.CMPD_0000000163:1.MNXM4","1.CMPD_0000000015"
"10","TRS_0_2_224_0","MNXR89767_MNXM890","1.CMPD_0000000170","1.CMPD_0000000026"
"10","TRS_0_2_9_0","MNXR1041_MNXM443","1.CMPD_0000000026:1.MNXM481","1.CMPD_0000000018"
"10","TRS_0_3_301_0","MNXR55970_MNXM279,MNXR70957_MNXM279,MNXR73258_MNXM279","1.MNXM4:1.MNXM76","1.CMPD_0000000163"
"10","TRS_0_3_334_0","MNXR8824_MNXM3476,MNXR94628_MNXM3476","1.CMPD_0000000163:1.MNXM10","1.CMPD_0000000170"
"11","TRS_0_0_2_0","MNXR56822_MNXM3355","1.CMPD_0000000006:1.CMPD_0000000007","1.TARGET_0000000001"
"11","TRS_0_1_13_0","MNXR63359_MNXM2781","1.CMPD_0000000015:1.MNXM01:1.MNXM6","1.CMPD_0000000007"
"11","TRS_0_1_5_0","MNXR81684_MNXM14,MNXR81781_MNXM3,MNXR93632_MNXM7,MNXR93637_MNXM19","1.CMPD_0000000021:1.MNXM15","1.CMPD_0000000006"
"11","TRS_0_2_215_0","MNXR8896_MNXM1887,MNXR94641_MNXM1887","1.CMPD_0000000163:1.MNXM4","1.CMPD_0000000015"
"11","TRS_0_2_223_0","MNXR53231_MNXM890,MNXR93744_MNXM890","1.CMPD_0000000163","1.CMPD_0000000026"
"11","TRS_0_2_44_0","MNXR1041_MNXM443","1.CMPD_0000000026:1.CMPD_0000000194","1.CMPD_0000000021"
"11","TRS_0_3_113_0","MNXR12875_MNXM2620,MNXR466_MNXM334,MNXR7025_MNXM4817,MNXR70675_MNXM495,MNXR714_MNXM125,MNXR81551_MNXM334,MNXR81684_MNXM125,MNXR81781_MNXM423,MNXR86319_MNXM3596,MNXR88839_MNXM145884,MNXR891_MNXM423,MNXR91136_MNXM125,MNXR93632_MNXM495,MNXR93637_MNXM4817","1.MNXM12:1.MNXM2","1.CMPD_0000000194"
"11","TRS_0_3_301_0","MNXR55970_MNXM279,MNXR70957_MNXM279,MNXR73258_MNXM279","1.MNXM4:1.MNXM76","1.CMPD_0000000163"
"12","TRS_0_0_2_0","MNXR56822_MNXM3355","1.CMPD_0000000006:1.CMPD_0000000007","1.TARGET_0000000001"
"12","TRS_0_1_13_0","MNXR63359_MNXM2781","1.CMPD_0000000015:1.MNXM01:1.MNXM6","1.CMPD_0000000007"
"12","TRS_0_1_2_0","MNXR92327_MNXM51115","1.CMPD_0000000017","1.CMPD_0000000006"
"12","TRS_0_2_215_0","MNXR8896_MNXM1887,MNXR94641_MNXM1887","1.CMPD_0000000163:1.MNXM4","1.CMPD_0000000015"
"12","TRS_0_2_223_0","MNXR53231_MNXM890,MNXR93744_MNXM890","1.CMPD_0000000163","1.CMPD_0000000026"
"12","TRS_0_2_33_0","MNXR1041_MNXM443","1.CMPD_0000000026:1.CMPD_0000000187","1.CMPD_0000000017"
"12","TRS_0_3_301_0","MNXR55970_MNXM279,MNXR70957_MNXM279,MNXR73258_MNXM279","1.MNXM4:1.MNXM76","1.CMPD_0000000163"
"12","TRS_0_3_98_0","MNXR56599_MNXM9","1.MNXM12:1.MNXM2","1.CMPD_0000000187"
"13","TRS_0_0_2_0","MNXR56822_MNXM3355","1.CMPD_0000000006:1.CMPD_0000000007","1.TARGET_0000000001"
"13","TRS_0_1_1_0","MNXR1039_MNXM443","1.CMPD_0000000011:1.MNXM21","1.CMPD_0000000006"
"13","TRS_0_1_13_0","MNXR63359_MNXM2781","1.CMPD_0000000015:1.MNXM01:1.MNXM6","1.CMPD_0000000007"
"13","TRS_0_2_215_0","MNXR8896_MNXM1887,MNXR94641_MNXM1887","1.CMPD_0000000163:1.MNXM4","1.CMPD_0000000015"
"13","TRS_0_2_231_0","MNXR23496_MNXM2779","1.CMPD_0000000179:1.MNXM4","1.CMPD_0000000011"
"13","TRS_0_3_301_0","MNXR55970_MNXM279,MNXR70957_MNXM279,MNXR73258_MNXM279","1.MNXM4:1.MNXM76","1.CMPD_0000000163"
"13","TRS_0_3_337_0","MNXR14773_MNXM505","1.MNXM10:1.MNXM164:1.MNXM26","1.CMPD_0000000169"
"13","TRS_0_3_743_0","MNXR23495_MNXM577","1.CMPD_0000000169:1.MNXM2","1.CMPD_0000000179"
"14","TRS_0_0_2_0","MNXR56822_MNXM3355","1.CMPD_0000000006:1.CMPD_0000000007","1.TARGET_0000000001"
"14","TRS_0_1_13_0","MNXR63359_MNXM2781","1.CMPD_0000000015:1.MNXM01:1.MNXM6","1.CMPD_0000000007"
"14","TRS_0_1_2_0","MNXR92327_MNXM51115","1.CMPD_0000000017","1.CMPD_0000000006"
"14","TRS_0_2_215_0","MNXR8896_MNXM1887,MNXR94641_MNXM1887","1.CMPD_0000000163:1.MNXM4","1.CMPD_0000000015"
"14","TRS_0_2_220_0","MNXR21180_MNXM890","1.CMPD_0000000169:1.MNXM4:1.MNXM6","1.CMPD_0000000026"
"14","TRS_0_2_33_0","MNXR1041_MNXM443","1.CMPD_0000000026:1.CMPD_0000000187","1.CMPD_0000000017"
"14","TRS_0_3_305_0","MNXR93744_MNXM279","1.CMPD_0000000026:1.MNXM15","1.CMPD_0000000163"
"14","TRS_0_3_337_0","MNXR14773_MNXM505","1.MNXM10:1.MNXM164:1.MNXM26","1.CMPD_0000000169"
"14","TRS_0_3_98_0","MNXR56599_MNXM9","1.MNXM12:1.MNXM2","1.CMPD_0000000187"
"15","TRS_0_0_2_0","MNXR56822_MNXM3355","1.CMPD_0000000006:1.CMPD_0000000007","1.TARGET_0000000001"
"15","TRS_0_1_13_0","MNXR63359_MNXM2781","1.CMPD_0000000015:1.MNXM01:1.MNXM6","1.CMPD_0000000007"
"15","TRS_0_1_5_0","MNXR81684_MNXM14,MNXR81781_MNXM3,MNXR93632_MNXM7,MNXR93637_MNXM19","1.CMPD_0000000021:1.MNXM15","1.CMPD_0000000006"
"15","TRS_0_2_215_0","MNXR8896_MNXM1887,MNXR94641_MNXM1887","1.CMPD_0000000163:1.MNXM4","1.CMPD_0000000015"
"15","TRS_0_2_220_0","MNXR21180_MNXM890","1.CMPD_0000000169:1.MNXM4:1.MNXM6","1.CMPD_0000000026"
"15","TRS_0_2_44_0","MNXR1041_MNXM443","1.CMPD_0000000026:1.CMPD_0000000194","1.CMPD_0000000021"
"15","TRS_0_3_113_0","MNXR12875_MNXM2620,MNXR466_MNXM334,MNXR7025_MNXM4817,MNXR70675_MNXM495,MNXR714_MNXM125,MNXR81551_MNXM334,MNXR81684_MNXM125,MNXR81781_MNXM423,MNXR86319_MNXM3596,MNXR88839_MNXM145884,MNXR891_MNXM423,MNXR91136_MNXM125,MNXR93632_MNXM495,MNXR93637_MNXM4817","1.MNXM12:1.MNXM2","1.CMPD_0000000194"
"15","TRS_0_3_305_0","MNXR93744_MNXM279","1.CMPD_0000000026:1.MNXM15","1.CMPD_0000000163"
"15","TRS_0_3_337_0","MNXR14773_MNXM505","1.MNXM10:1.MNXM164:1.MNXM26","1.CMPD_0000000169"
"16","TRS_0_0_2_0","MNXR56822_MNXM3355","1.CMPD_0000000006:1.CMPD_0000000007","1.TARGET_0000000001"
"16","TRS_0_1_1_0","MNXR1039_MNXM443","1.CMPD_0000000011:1.MNXM21","1.CMPD_0000000006"
"16","TRS_0_1_13_0","MNXR63359_MNXM2781","1.CMPD_0000000015:1.MNXM01:1.MNXM6","1.CMPD_0000000007"
"16","TRS_0_2_215_0","MNXR8896_MNXM1887,MNXR94641_MNXM1887","1.CMPD_0000000163:1.MNXM4","1.CMPD_0000000015"
"16","TRS_0_2_220_0","MNXR21180_MNXM890","1.CMPD_0000000169:1.MNXM4:1.MNXM6","1.CMPD_0000000026"
"16","TRS_0_2_231_0","MNXR23496_MNXM2779","1.CMPD_0000000179:1.MNXM4","1.CMPD_0000000011"
"16","TRS_0_3_305_0","MNXR93744_MNXM279","1.CMPD_0000000026:1.MNXM15","1.CMPD_0000000163"
"16","TRS_0_3_337_0","MNXR14773_MNXM505","1.MNXM10:1.MNXM164:1.MNXM26","1.CMPD_0000000169"
"16","TRS_0_3_743_0","MNXR23495_MNXM577","1.CMPD_0000000169:1.MNXM2","1.CMPD_0000000179"
"17","TRS_0_0_2_0","MNXR56822_MNXM3355","1.CMPD_0000000006:1.CMPD_0000000007","1.TARGET_0000000001"
"17","TRS_0_1_1_0","MNXR1039_MNXM443","1.CMPD_0000000011:1.MNXM21","1.CMPD_0000000006"
"17","TRS_0_1_13_0","MNXR63359_MNXM2781","1.CMPD_0000000015:1.MNXM01:1.MNXM6","1.CMPD_0000000007"
"17","TRS_0_2_215_0","MNXR8896_MNXM1887,MNXR94641_MNXM1887","1.CMPD_0000000163:1.MNXM4","1.CMPD_0000000015"
"17","TRS_0_2_220_0","MNXR21180_MNXM890","1.CMPD_0000000169:1.MNXM4:1.MNXM6","1.CMPD_0000000026"
"17","TRS_0_2_231_0","MNXR23496_MNXM2779","1.CMPD_0000000179:1.MNXM4","1.CMPD_0000000011"
"17","TRS_0_3_305_0","MNXR93744_MNXM279","1.CMPD_0000000026:1.MNXM15","1.CMPD_0000000163"
"17","TRS_0_3_337_0","MNXR14773_MNXM505","1.MNXM10:1.MNXM164:1.MNXM26","1.CMPD_0000000169"
"17","TRS_0_3_744_0","MNXR26351_MNXM577,MNXR84969_MNXM577","1.MNXM2:1.MNXM828","1.CMPD_0000000179"
"18","TRS_0_0_2_0","MNXR56822_MNXM3355","1.CMPD_0000000006:1.CMPD_0000000007","1.TARGET_0000000001"
"18","TRS_0_1_1_0","MNXR1039_MNXM443","1.CMPD_0000000011:1.MNXM21","1.CMPD_0000000006"
"18","TRS_0_1_13_0","MNXR63359_MNXM2781","1.CMPD_0000000015:1.MNXM01:1.MNXM6","1.CMPD_0000000007"
"18","TRS_0_2_215_0","MNXR8896_MNXM1887,MNXR94641_MNXM1887","1.CMPD_0000000163:1.MNXM4","1.CMPD_0000000015"
"18","TRS_0_2_220_0","MNXR21180_MNXM890","1.CMPD_0000000169:1.MNXM4:1.MNXM6","1.CMPD_0000000026"
"18","TRS_0_2_232_0","MNXR5338_MNXM2779","1.CMPD_0000000180:1.MNXM10","1.CMPD_0000000011"
"18","TRS_0_3_305_0","MNXR93744_MNXM279","1.CMPD_0000000026:1.MNXM15","1.CMPD_0000000163"
"18","TRS_0_3_337_0","MNXR14773_MNXM505","1.MNXM10:1.MNXM164:1.MNXM26","1.CMPD_0000000169"
"18","TRS_0_3_349_0","MNXR16006_MNXM204,MNXR93854_MNXM204","1.MNXM01:1.MNXM4:1.MNXM421","1.CMPD_0000000180"
"19","TRS_0_0_2_0","MNXR56822_MNXM3355","1.CMPD_0000000006:1.CMPD_0000000007","1.TARGET_0000000001"
"19","TRS_0_1_13_0","MNXR63359_MNXM2781","1.CMPD_0000000015:1.MNXM01:1.MNXM6","1.CMPD_0000000007"
"19","TRS_0_1_2_0","MNXR92327_MNXM51115","1.CMPD_0000000017","1.CMPD_0000000006"
"19","TRS_0_2_215_0","MNXR8896_MNXM1887,MNXR94641_MNXM1887","1.CMPD_0000000163:1.MNXM4","1.CMPD_0000000015"
"19","TRS_0_2_220_0","MNXR21180_MNXM890","1.CMPD_0000000169:1.MNXM4:1.MNXM6","1.CMPD_0000000026"
"19","TRS_0_2_33_0","MNXR1041_MNXM443","1.CMPD_0000000026:1.CMPD_0000000187","1.CMPD_0000000017"
"19","TRS_0_3_301_0","MNXR55970_MNXM279,MNXR70957_MNXM279,MNXR73258_MNXM279","1.MNXM4:1.MNXM76","1.CMPD_0000000163"
"19","TRS_0_3_337_0","MNXR14773_MNXM505","1.MNXM10:1.MNXM164:1.MNXM26","1.CMPD_0000000169"
"19","TRS_0_3_98_0","MNXR56599_MNXM9","1.MNXM12:1.MNXM2","1.CMPD_0000000187"
"20","TRS_0_0_2_0","MNXR56822_MNXM3355","1.CMPD_0000000006:1.CMPD_0000000007","1.TARGET_0000000001"
"20","TRS_0_1_13_0","MNXR63359_MNXM2781","1.CMPD_0000000015:1.MNXM01:1.MNXM6","1.CMPD_0000000007"
"20","TRS_0_1_5_0","MNXR81684_MNXM14,MNXR81781_MNXM3,MNXR93632_MNXM7,MNXR93637_MNXM19","1.CMPD_0000000021:1.MNXM15","1.CMPD_0000000006"
"20","TRS_0_2_215_0","MNXR8896_MNXM1887,MNXR94641_MNXM1887","1.CMPD_0000000163:1.MNXM4","1.CMPD_0000000015"
"20","TRS_0_2_223_0","MNXR53231_MNXM890,MNXR93744_MNXM890","1.CMPD_0000000163","1.CMPD_0000000026"
"20","TRS_0_2_40_0","MNXR1772_MNXM12,MNXR78501_MNXM12","1.CMPD_0000000192:1.MNXM3","1.CMPD_0000000021"
"20","TRS_0_2_9_0","MNXR1041_MNXM443","1.CMPD_0000000026:1.MNXM481","1.CMPD_0000000018"
"20","TRS_0_3_301_0","MNXR55970_MNXM279,MNXR70957_MNXM279,MNXR73258_MNXM279","1.MNXM4:1.MNXM76","1.CMPD_0000000163"
"20","TRS_0_3_46_0","MNXR12875_MNXM2620,MNXR466_MNXM334,MNXR7025_MNXM4817,MNXR70675_MNXM495,MNXR714_MNXM125,MNXR81551_MNXM334,MNXR81684_MNXM125,MNXR81781_MNXM423,MNXR86319_MNXM3596,MNXR88839_MNXM145884,MNXR891_MNXM423,MNXR91136_MNXM125,MNXR93632_MNXM495,MNXR93637_MNXM4817","1.CMPD_0000000018:1.MNXM2","1.CMPD_0000000192"
"21","TRS_0_0_2_0","MNXR56822_MNXM3355","1.CMPD_0000000006:1.CMPD_0000000007","1.TARGET_0000000001"
"21","TRS_0_1_13_0","MNXR63359_MNXM2781","1.CMPD_0000000015:1.MNXM01:1.MNXM6","1.CMPD_0000000007"
"21","TRS_0_1_5_0","MNXR81684_MNXM14,MNXR81781_MNXM3,MNXR93632_MNXM7,MNXR93637_MNXM19","1.CMPD_0000000021:1.MNXM15","1.CMPD_0000000006"
"21","TRS_0_2_215_0","MNXR8896_MNXM1887,MNXR94641_MNXM1887","1.CMPD_0000000163:1.MNXM4","1.CMPD_0000000015"
"21","TRS_0_2_220_0","MNXR21180_MNXM890","1.CMPD_0000000169:1.MNXM4:1.MNXM6","1.CMPD_0000000026"
"21","TRS_0_2_44_0","MNXR1041_MNXM443","1.CMPD_0000000026:1.CMPD_0000000194","1.CMPD_0000000021"
"21","TRS_0_3_113_0","MNXR12875_MNXM2620,MNXR466_MNXM334,MNXR7025_MNXM4817,MNXR70675_MNXM495,MNXR714_MNXM125,MNXR81551_MNXM334,MNXR81684_MNXM125,MNXR81781_MNXM423,MNXR86319_MNXM3596,MNXR88839_MNXM145884,MNXR891_MNXM423,MNXR91136_MNXM125,MNXR93632_MNXM495,MNXR93637_MNXM4817","1.MNXM12:1.MNXM2","1.CMPD_0000000194"
"21","TRS_0_3_301_0","MNXR55970_MNXM279,MNXR70957_MNXM279,MNXR73258_MNXM279","1.MNXM4:1.MNXM76","1.CMPD_0000000163"
"21","TRS_0_3_337_0","MNXR14773_MNXM505","1.MNXM10:1.MNXM164:1.MNXM26","1.CMPD_0000000169"
"22","TRS_0_0_2_0","MNXR56822_MNXM3355","1.CMPD_0000000006:1.CMPD_0000000007","1.TARGET_0000000001"
"22","TRS_0_1_13_0","MNXR63359_MNXM2781","1.CMPD_0000000015:1.MNXM01:1.MNXM6","1.CMPD_0000000007"
"22","TRS_0_1_2_0","MNXR92327_MNXM51115","1.CMPD_0000000017","1.CMPD_0000000006"
"22","TRS_0_2_215_0","MNXR8896_MNXM1887,MNXR94641_MNXM1887","1.CMPD_0000000163:1.MNXM4","1.CMPD_0000000015"
"22","TRS_0_2_224_0","MNXR89767_MNXM890","1.CMPD_0000000170","1.CMPD_0000000026"
"22","TRS_0_2_33_0","MNXR1041_MNXM443","1.CMPD_0000000026:1.CMPD_0000000187","1.CMPD_0000000017"
"22","TRS_0_3_301_0","MNXR55970_MNXM279,MNXR70957_MNXM279,MNXR73258_MNXM279","1.MNXM4:1.MNXM76","1.CMPD_0000000163"
"22","TRS_0_3_334_0","MNXR8824_MNXM3476,MNXR94628_MNXM3476","1.CMPD_0000000163:1.MNXM10","1.CMPD_0000000170"
"22","TRS_0_3_98_0","MNXR56599_MNXM9","1.MNXM12:1.MNXM2","1.CMPD_0000000187"
"23","TRS_0_0_2_0","MNXR56822_MNXM3355","1.CMPD_0000000006:1.CMPD_0000000007","1.TARGET_0000000001"
"23","TRS_0_1_1_0","MNXR1039_MNXM443","1.CMPD_0000000011:1.MNXM21","1.CMPD_0000000006"
"23","TRS_0_1_13_0","MNXR63359_MNXM2781","1.CMPD_0000000015:1.MNXM01:1.MNXM6","1.CMPD_0000000007"
"23","TRS_0_2_215_0","MNXR8896_MNXM1887,MNXR94641_MNXM1887","1.CMPD_0000000163:1.MNXM4","1.CMPD_0000000015"
"23","TRS_0_2_223_0","MNXR53231_MNXM890,MNXR93744_MNXM890","1.CMPD_0000000163","1.CMPD_0000000026"
"23","TRS_0_2_231_0","MNXR23496_MNXM2779","1.CMPD_0000000179:1.MNXM4","1.CMPD_0000000011"
"23","TRS_0_3_301_0","MNXR55970_MNXM279,MNXR70957_MNXM279,MNXR73258_MNXM279","1.MNXM4:1.MNXM76","1.CMPD_0000000163"
"23","TRS_0_3_340_0","MNXR4974_MNXM505","1.CMPD_0000000026","1.CMPD_0000000169"
"23","TRS_0_3_743_0","MNXR23495_MNXM577","1.CMPD_0000000169:1.MNXM2","1.CMPD_0000000179"
"24","TRS_0_0_2_0","MNXR56822_MNXM3355","1.CMPD_0000000006:1.CMPD_0000000007","1.TARGET_0000000001"
"24","TRS_0_1_13_0","MNXR63359_MNXM2781","1.CMPD_0000000015:1.MNXM01:1.MNXM6","1.CMPD_0000000007"
"24","TRS_0_1_5_0","MNXR81684_MNXM14,MNXR81781_MNXM3,MNXR93632_MNXM7,MNXR93637_MNXM19","1.CMPD_0000000021:1.MNXM15","1.CMPD_0000000006"
"24","TRS_0_2_215_0","MNXR8896_MNXM1887,MNXR94641_MNXM1887","1.CMPD_0000000163:1.MNXM4","1.CMPD_0000000015"
"24","TRS_0_2_224_0","MNXR89767_MNXM890","1.CMPD_0000000170","1.CMPD_0000000026"
"24","TRS_0_2_44_0","MNXR1041_MNXM443","1.CMPD_0000000026:1.CMPD_0000000194","1.CMPD_0000000021"
"24","TRS_0_3_113_0","MNXR12875_MNXM2620,MNXR466_MNXM334,MNXR7025_MNXM4817,MNXR70675_MNXM495,MNXR714_MNXM125,MNXR81551_MNXM334,MNXR81684_MNXM125,MNXR81781_MNXM423,MNXR86319_MNXM3596,MNXR88839_MNXM145884,MNXR891_MNXM423,MNXR91136_MNXM125,MNXR93632_MNXM495,MNXR93637_MNXM4817","1.MNXM12:1.MNXM2","1.CMPD_0000000194"
"24","TRS_0_3_301_0","MNXR55970_MNXM279,MNXR70957_MNXM279,MNXR73258_MNXM279","1.MNXM4:1.MNXM76","1.CMPD_0000000163"
"24","TRS_0_3_334_0","MNXR8824_MNXM3476,MNXR94628_MNXM3476","1.CMPD_0000000163:1.MNXM10","1.CMPD_0000000170"
"25","TRS_0_0_2_0","MNXR56822_MNXM3355","1.CMPD_0000000006:1.CMPD_0000000007","1.TARGET_0000000001"
"25","TRS_0_1_1_0","MNXR1039_MNXM443","1.CMPD_0000000011:1.MNXM21","1.CMPD_0000000006"
"25","TRS_0_1_13_0","MNXR63359_MNXM2781","1.CMPD_0000000015:1.MNXM01:1.MNXM6","1.CMPD_0000000007"
"25","TRS_0_2_215_0","MNXR8896_MNXM1887,MNXR94641_MNXM1887","1.CMPD_0000000163:1.MNXM4","1.CMPD_0000000015"
"25","TRS_0_2_225_0","MNXR26451_MNXM5677,MNXR6271_MNXM890","1.CMPD_0000000171:1.MNXM2","1.CMPD_0000000026"
"25","TRS_0_2_231_0","MNXR23496_MNXM2779","1.CMPD_0000000179:1.MNXM4","1.CMPD_0000000011"
"25","TRS_0_3_305_0","MNXR93744_MNXM279","1.CMPD_0000000026:1.MNXM15","1.CMPD_0000000163"
"25","TRS_0_3_342_0","MNXR13693_MNXM1546","1.CMPD_0000000006:1.MNXM474","1.CMPD_0000000171"
"25","TRS_0_3_744_0","MNXR26351_MNXM577,MNXR84969_MNXM577","1.MNXM2:1.MNXM828","1.CMPD_0000000179"
"26","TRS_0_0_2_0","MNXR56822_MNXM3355","1.CMPD_0000000006:1.CMPD_0000000007","1.TARGET_0000000001"
"26","TRS_0_1_1_0","MNXR1039_MNXM443","1.CMPD_0000000011:1.MNXM21","1.CMPD_0000000006"
"26","TRS_0_1_13_0","MNXR63359_MNXM2781","1.CMPD_0000000015:1.MNXM01:1.MNXM6","1.CMPD_0000000007"
"26","TRS_0_2_215_0","MNXR8896_MNXM1887,MNXR94641_MNXM1887","1.CMPD_0000000163:1.MNXM4","1.CMPD_0000000015"
"26","TRS_0_2_225_0","MNXR26451_MNXM5677,MNXR6271_MNXM890","1.CMPD_0000000171:1.MNXM2","1.CMPD_0000000026"
"26","TRS_0_2_232_0","MNXR5338_MNXM2779","1.CMPD_0000000180:1.MNXM10","1.CMPD_0000000011"
"26","TRS_0_3_305_0","MNXR93744_MNXM279","1.CMPD_0000000026:1.MNXM15","1.CMPD_0000000163"
"26","TRS_0_3_342_0","MNXR13693_MNXM1546","1.CMPD_0000000006:1.MNXM474","1.CMPD_0000000171"
"26","TRS_0_3_349_0","MNXR16006_MNXM204,MNXR93854_MNXM204","1.MNXM01:1.MNXM4:1.MNXM421","1.CMPD_0000000180"
"27","TRS_0_0_2_0","MNXR56822_MNXM3355","1.CMPD_0000000006:1.CMPD_0000000007","1.TARGET_0000000001"
"27","TRS_0_1_13_0","MNXR63359_MNXM2781","1.CMPD_0000000015:1.MNXM01:1.MNXM6","1.CMPD_0000000007"
"27","TRS_0_1_2_0","MNXR92327_MNXM51115","1.CMPD_0000000017","1.CMPD_0000000006"
"27","TRS_0_2_215_0","MNXR8896_MNXM1887,MNXR94641_MNXM1887","1.CMPD_0000000163:1.MNXM4","1.CMPD_0000000015"
"27","TRS_0_2_223_0","MNXR53231_MNXM890,MNXR93744_MNXM890","1.CMPD_0000000163","1.CMPD_0000000026"
"27","TRS_0_2_30_0","MNXR81684_MNXM14,MNXR81781_MNXM3,MNXR93632_MNXM7,MNXR93637_MNXM19","1.CMPD_0000000185:1.MNXM15","1.CMPD_0000000017"
"27","TRS_0_2_44_0","MNXR1041_MNXM443","1.CMPD_0000000026:1.CMPD_0000000194","1.CMPD_0000000021"
"27","TRS_0_3_113_0","MNXR12875_MNXM2620,MNXR466_MNXM334,MNXR7025_MNXM4817,MNXR70675_MNXM495,MNXR714_MNXM125,MNXR81551_MNXM334,MNXR81684_MNXM125,MNXR81781_MNXM423,MNXR86319_MNXM3596,MNXR88839_MNXM145884,MNXR891_MNXM423,MNXR91136_MNXM125,MNXR93632_MNXM495,MNXR93637_MNXM4817","1.MNXM12:1.MNXM2","1.CMPD_0000000194"
"27","TRS_0_3_301_0","MNXR55970_MNXM279,MNXR70957_MNXM279,MNXR73258_MNXM279","1.MNXM4:1.MNXM76","1.CMPD_0000000163"
"27","TRS_0_3_72_0","MNXR56599_MNXM9","1.CMPD_0000000021:1.MNXM2","1.CMPD_0000000185"
"28","TRS_0_0_2_0","MNXR56822_MNXM3355","1.CMPD_0000000006:1.CMPD_0000000007","1.TARGET_0000000001"
"28","TRS_0_1_13_0","MNXR63359_MNXM2781","1.CMPD_0000000015:1.MNXM01:1.MNXM6","1.CMPD_0000000007"
"28","TRS_0_1_3_0","MNXR1772_MNXM12,MNXR78501_MNXM12","1.CMPD_0000000018:1.MNXM3","1.CMPD_0000000006"
"28","TRS_0_2_215_0","MNXR8896_MNXM1887,MNXR94641_MNXM1887","1.CMPD_0000000163:1.MNXM4","1.CMPD_0000000015"
"28","TRS_0_2_223_0","MNXR53231_MNXM890,MNXR93744_MNXM890","1.CMPD_0000000163","1.CMPD_0000000026"
"28","TRS_0_2_44_0","MNXR1041_MNXM443","1.CMPD_0000000026:1.CMPD_0000000194","1.CMPD_0000000021"
"28","TRS_0_2_5_0","MNXR81684_MNXM14,MNXR81781_MNXM3,MNXR93632_MNXM7,MNXR93637_MNXM19","1.CMPD_0000000192:1.MNXM15","1.CMPD_0000000018"
"28","TRS_0_3_113_0","MNXR12875_MNXM2620,MNXR466_MNXM334,MNXR7025_MNXM4817,MNXR70675_MNXM495,MNXR714_MNXM125,MNXR81551_MNXM334,MNXR81684_MNXM125,MNXR81781_MNXM423,MNXR86319_MNXM3596,MNXR88839_MNXM145884,MNXR891_MNXM423,MNXR91136_MNXM125,MNXR93632_MNXM495,MNXR93637_MNXM4817","1.MNXM12:1.MNXM2","1.CMPD_0000000194"
"28","TRS_0_3_301_0","MNXR55970_MNXM279,MNXR70957_MNXM279,MNXR73258_MNXM279","1.MNXM4:1.MNXM76","1.CMPD_0000000163"
"28","TRS_0_3_47_0","MNXR78501_MNXM481","1.CMPD_0000000021:1.MNXM7","1.CMPD_0000000192"
"29","TRS_0_0_2_0","MNXR56822_MNXM3355","1.CMPD_0000000006:1.CMPD_0000000007","1.TARGET_0000000001"
"29","TRS_0_1_13_0","MNXR63359_MNXM2781","1.CMPD_0000000015:1.MNXM01:1.MNXM6","1.CMPD_0000000007"
"29","TRS_0_1_5_0","MNXR81684_MNXM14,MNXR81781_MNXM3,MNXR93632_MNXM7,MNXR93637_MNXM19","1.CMPD_0000000021:1.MNXM15","1.CMPD_0000000006"
"29","TRS_0_2_215_0","MNXR8896_MNXM1887,MNXR94641_MNXM1887","1.CMPD_0000000163:1.MNXM4","1.CMPD_0000000015"
"29","TRS_0_2_220_0","MNXR21180_MNXM890","1.CMPD_0000000169:1.MNXM4:1.MNXM6","1.CMPD_0000000026"
"29","TRS_0_2_40_0","MNXR1772_MNXM12,MNXR78501_MNXM12","1.CMPD_0000000192:1.MNXM3","1.CMPD_0000000021"
"29","TRS_0_2_9_0","MNXR1041_MNXM443","1.CMPD_0000000026:1.MNXM481","1.CMPD_0000000018"
"29","TRS_0_3_305_0","MNXR93744_MNXM279","1.CMPD_0000000026:1.MNXM15","1.CMPD_0000000163"
"29","TRS_0_3_337_0","MNXR14773_MNXM505","1.MNXM10:1.MNXM164:1.MNXM26","1.CMPD_0000000169"
"29","TRS_0_3_46_0","MNXR12875_MNXM2620,MNXR466_MNXM334,MNXR7025_MNXM4817,MNXR70675_MNXM495,MNXR714_MNXM125,MNXR81551_MNXM334,MNXR81684_MNXM125,MNXR81781_MNXM423,MNXR86319_MNXM3596,MNXR88839_MNXM145884,MNXR891_MNXM423,MNXR91136_MNXM125,MNXR93632_MNXM495,MNXR93637_MNXM4817","1.CMPD_0000000018:1.MNXM2","1.CMPD_0000000192"
"30","TRS_0_0_2_0","MNXR56822_MNXM3355","1.CMPD_0000000006:1.CMPD_0000000007","1.TARGET_0000000001"
"30","TRS_0_1_13_0","MNXR63359_MNXM2781","1.CMPD_0000000015:1.MNXM01:1.MNXM6","1.CMPD_0000000007"
"30","TRS_0_1_5_0","MNXR81684_MNXM14,MNXR81781_MNXM3,MNXR93632_MNXM7,MNXR93637_MNXM19","1.CMPD_0000000021:1.MNXM15","1.CMPD_0000000006"
"30","TRS_0_2_215_0","MNXR8896_MNXM1887,MNXR94641_MNXM1887","1.CMPD_0000000163:1.MNXM4","1.CMPD_0000000015"
"30","TRS_0_2_223_0","MNXR53231_MNXM890,MNXR93744_MNXM890","1.CMPD_0000000163","1.CMPD_0000000026"
"30","TRS_0_2_33_0","MNXR1041_MNXM443","1.CMPD_0000000026:1.CMPD_0000000187","1.CMPD_0000000017"
"30","TRS_0_2_39_0","MNXR92327_MNXM51115","1.CMPD_0000000185","1.CMPD_0000000021"
"30","TRS_0_3_301_0","MNXR55970_MNXM279,MNXR70957_MNXM279,MNXR73258_MNXM279","1.MNXM4:1.MNXM76","1.CMPD_0000000163"
"30","TRS_0_3_62_0","MNXR12875_MNXM2620,MNXR466_MNXM334,MNXR7025_MNXM4817,MNXR70675_MNXM495,MNXR714_MNXM125,MNXR81551_MNXM334,MNXR81684_MNXM125,MNXR81781_MNXM423,MNXR86319_MNXM3596,MNXR88839_MNXM145884,MNXR891_MNXM423,MNXR91136_MNXM125,MNXR93632_MNXM495,MNXR93637_MNXM4817","1.CMPD_0000000017:1.MNXM2","1.CMPD_0000000185"
"30","TRS_0_3_98_0","MNXR56599_MNXM9","1.MNXM12:1.MNXM2","1.CMPD_0000000187"
"31","TRS_0_0_2_0","MNXR56822_MNXM3355","1.CMPD_0000000006:1.CMPD_0000000007","1.TARGET_0000000001"
"31","TRS_0_1_13_0","MNXR63359_MNXM2781","1.CMPD_0000000015:1.MNXM01:1.MNXM6","1.CMPD_0000000007"
"31","TRS_0_1_5_0","MNXR81684_MNXM14,MNXR81781_MNXM3,MNXR93632_MNXM7,MNXR93637_MNXM19","1.CMPD_0000000021:1.MNXM15","1.CMPD_0000000006"
"31","TRS_0_2_215_0","MNXR8896_MNXM1887,MNXR94641_MNXM1887","1.CMPD_0000000163:1.MNXM4","1.CMPD_0000000015"
"31","TRS_0_2_220_0","MNXR21180_MNXM890","1.CMPD_0000000169:1.MNXM4:1.MNXM6","1.CMPD_0000000026"
"31","TRS_0_2_40_0","MNXR1772_MNXM12,MNXR78501_MNXM12","1.CMPD_0000000192:1.MNXM3","1.CMPD_0000000021"
"31","TRS_0_2_9_0","MNXR1041_MNXM443","1.CMPD_0000000026:1.MNXM481","1.CMPD_0000000018"
"31","TRS_0_3_301_0","MNXR55970_MNXM279,MNXR70957_MNXM279,MNXR73258_MNXM279","1.MNXM4:1.MNXM76","1.CMPD_0000000163"
"31","TRS_0_3_337_0","MNXR14773_MNXM505","1.MNXM10:1.MNXM164:1.MNXM26","1.CMPD_0000000169"
"31","TRS_0_3_46_0","MNXR12875_MNXM2620,MNXR466_MNXM334,MNXR7025_MNXM4817,MNXR70675_MNXM495,MNXR714_MNXM125,MNXR81551_MNXM334,MNXR81684_MNXM125,MNXR81781_MNXM423,MNXR86319_MNXM3596,MNXR88839_MNXM145884,MNXR891_MNXM423,MNXR91136_MNXM125,MNXR93632_MNXM495,MNXR93637_MNXM4817","1.CMPD_0000000018:1.MNXM2","1.CMPD_0000000192"
"32","TRS_0_0_2_0","MNXR56822_MNXM3355","1.CMPD_0000000006:1.CMPD_0000000007","1.TARGET_0000000001"
"32","TRS_0_1_13_0","MNXR63359_MNXM2781","1.CMPD_0000000015:1.MNXM01:1.MNXM6","1.CMPD_0000000007"
"32","TRS_0_1_5_0","MNXR81684_MNXM14,MNXR81781_MNXM3,MNXR93632_MNXM7,MNXR93637_MNXM19","1.CMPD_0000000021:1.MNXM15","1.CMPD_0000000006"
"32","TRS_0_2_215_0","MNXR8896_MNXM1887,MNXR94641_MNXM1887","1.CMPD_0000000163:1.MNXM4","1.CMPD_0000000015"
"32","TRS_0_2_224_0","MNXR89767_MNXM890","1.CMPD_0000000170","1.CMPD_0000000026"
"32","TRS_0_2_40_0","MNXR1772_MNXM12,MNXR78501_MNXM12","1.CMPD_0000000192:1.MNXM3","1.CMPD_0000000021"
"32","TRS_0_2_9_0","MNXR1041_MNXM443","1.CMPD_0000000026:1.MNXM481","1.CMPD_0000000018"
"32","TRS_0_3_301_0","MNXR55970_MNXM279,MNXR70957_MNXM279,MNXR73258_MNXM279","1.MNXM4:1.MNXM76","1.CMPD_0000000163"
"32","TRS_0_3_334_0","MNXR8824_MNXM3476,MNXR94628_MNXM3476","1.CMPD_0000000163:1.MNXM10","1.CMPD_0000000170"
"32","TRS_0_3_46_0","MNXR12875_MNXM2620,MNXR466_MNXM334,MNXR7025_MNXM4817,MNXR70675_MNXM495,MNXR714_MNXM125,MNXR81551_MNXM334,MNXR81684_MNXM125,MNXR81781_MNXM423,MNXR86319_MNXM3596,MNXR88839_MNXM145884,MNXR891_MNXM423,MNXR91136_MNXM125,MNXR93632_MNXM495,MNXR93637_MNXM4817","1.CMPD_0000000018:1.MNXM2","1.CMPD_0000000192"
"33","TRS_0_0_2_0","MNXR56822_MNXM3355","1.CMPD_0000000006:1.CMPD_0000000007","1.TARGET_0000000001"
"33","TRS_0_1_1_0","MNXR1039_MNXM443","1.CMPD_0000000011:1.MNXM21","1.CMPD_0000000006"
"33","TRS_0_1_13_0","MNXR63359_MNXM2781","1.CMPD_0000000015:1.MNXM01:1.MNXM6","1.CMPD_0000000007"
"33","TRS_0_2_215_0","MNXR8896_MNXM1887,MNXR94641_MNXM1887","1.CMPD_0000000163:1.MNXM4","1.CMPD_0000000015"
"33","TRS_0_2_224_0","MNXR89767_MNXM890","1.CMPD_0000000170","1.CMPD_0000000026"
"33","TRS_0_2_231_0","MNXR23496_MNXM2779","1.CMPD_0000000179:1.MNXM4","1.CMPD_0000000011"
"33","TRS_0_3_301_0","MNXR55970_MNXM279,MNXR70957_MNXM279,MNXR73258_MNXM279","1.MNXM4:1.MNXM76","1.CMPD_0000000163"
"33","TRS_0_3_334_0","MNXR8824_MNXM3476,MNXR94628_MNXM3476","1.CMPD_0000000163:1.MNXM10","1.CMPD_0000000170"
"33","TRS_0_3_340_0","MNXR4974_MNXM505","1.CMPD_0000000026","1.CMPD_0000000169"
"33","TRS_0_3_743_0","MNXR23495_MNXM577","1.CMPD_0000000169:1.MNXM2","1.CMPD_0000000179"
"34","TRS_0_0_2_0","MNXR56822_MNXM3355","1.CMPD_0000000006:1.CMPD_0000000007","1.TARGET_0000000001"
"34","TRS_0_1_1_0","MNXR1039_MNXM443","1.CMPD_0000000011:1.MNXM21","1.CMPD_0000000006"
"34","TRS_0_1_13_0","MNXR63359_MNXM2781","1.CMPD_0000000015:1.MNXM01:1.MNXM6","1.CMPD_0000000007"
"34","TRS_0_2_215_0","MNXR8896_MNXM1887,MNXR94641_MNXM1887","1.CMPD_0000000163:1.MNXM4","1.CMPD_0000000015"
"34","TRS_0_2_225_0","MNXR26451_MNXM5677,MNXR6271_MNXM890","1.CMPD_0000000171:1.MNXM2","1.CMPD_0000000026"
"34","TRS_0_2_231_0","MNXR23496_MNXM2779","1.CMPD_0000000179:1.MNXM4","1.CMPD_0000000011"
"34","TRS_0_3_305_0","MNXR93744_MNXM279","1.CMPD_0000000026:1.MNXM15","1.CMPD_0000000163"
"34","TRS_0_3_337_0","MNXR14773_MNXM505","1.MNXM10:1.MNXM164:1.MNXM26","1.CMPD_0000000169"
"34","TRS_0_3_342_0","MNXR13693_MNXM1546","1.CMPD_0000000006:1.MNXM474","1.CMPD_0000000171"
"34","TRS_0_3_743_0","MNXR23495_MNXM577","1.CMPD_0000000169:1.MNXM2","1.CMPD_0000000179"
"35","TRS_0_0_2_0","MNXR56822_MNXM3355","1.CMPD_0000000006:1.CMPD_0000000007","1.TARGET_0000000001"
"35","TRS_0_1_13_0","MNXR63359_MNXM2781","1.CMPD_0000000015:1.MNXM01:1.MNXM6","1.CMPD_0000000007"
"35","TRS_0_1_2_0","MNXR92327_MNXM51115","1.CMPD_0000000017","1.CMPD_0000000006"
"35","TRS_0_2_215_0","MNXR8896_MNXM1887,MNXR94641_MNXM1887","1.CMPD_0000000163:1.MNXM4","1.CMPD_0000000015"
"35","TRS_0_2_220_0","MNXR21180_MNXM890","1.CMPD_0000000169:1.MNXM4:1.MNXM6","1.CMPD_0000000026"
"35","TRS_0_2_30_0","MNXR81684_MNXM14,MNXR81781_MNXM3,MNXR93632_MNXM7,MNXR93637_MNXM19","1.CMPD_0000000185:1.MNXM15","1.CMPD_0000000017"
"35","TRS_0_2_44_0","MNXR1041_MNXM443","1.CMPD_0000000026:1.CMPD_0000000194","1.CMPD_0000000021"
"35","TRS_0_3_113_0","MNXR12875_MNXM2620,MNXR466_MNXM334,MNXR7025_MNXM4817,MNXR70675_MNXM495,MNXR714_MNXM125,MNXR81551_MNXM334,MNXR81684_MNXM125,MNXR81781_MNXM423,MNXR86319_MNXM3596,MNXR88839_MNXM145884,MNXR891_MNXM423,MNXR91136_MNXM125,MNXR93632_MNXM495,MNXR93637_MNXM4817","1.MNXM12:1.MNXM2","1.CMPD_0000000194"
"35","TRS_0_3_301_0","MNXR55970_MNXM279,MNXR70957_MNXM279,MNXR73258_MNXM279","1.MNXM4:1.MNXM76","1.CMPD_0000000163"
"35","TRS_0_3_337_0","MNXR14773_MNXM505","1.MNXM10:1.MNXM164:1.MNXM26","1.CMPD_0000000169"
"35","TRS_0_3_72_0","MNXR56599_MNXM9","1.CMPD_0000000021:1.MNXM2","1.CMPD_0000000185"
"36","TRS_0_0_2_0","MNXR56822_MNXM3355","1.CMPD_0000000006:1.CMPD_0000000007","1.TARGET_0000000001"
"36","TRS_0_1_13_0","MNXR63359_MNXM2781","1.CMPD_0000000015:1.MNXM01:1.MNXM6","1.CMPD_0000000007"
"36","TRS_0_1_2_0","MNXR92327_MNXM51115","1.CMPD_0000000017","1.CMPD_0000000006"
"36","TRS_0_2_215_0","MNXR8896_MNXM1887,MNXR94641_MNXM1887","1.CMPD_0000000163:1.MNXM4","1.CMPD_0000000015"
"36","TRS_0_2_224_0","MNXR89767_MNXM890","1.CMPD_0000000170","1.CMPD_0000000026"
"36","TRS_0_2_30_0","MNXR81684_MNXM14,MNXR81781_MNXM3,MNXR93632_MNXM7,MNXR93637_MNXM19","1.CMPD_0000000185:1.MNXM15","1.CMPD_0000000017"
"36","TRS_0_2_44_0","MNXR1041_MNXM443","1.CMPD_0000000026:1.CMPD_0000000194","1.CMPD_0000000021"
"36","TRS_0_3_113_0","MNXR12875_MNXM2620,MNXR466_MNXM334,MNXR7025_MNXM4817,MNXR70675_MNXM495,MNXR714_MNXM125,MNXR81551_MNXM334,MNXR81684_MNXM125,MNXR81781_MNXM423,MNXR86319_MNXM3596,MNXR88839_MNXM145884,MNXR891_MNXM423,MNXR91136_MNXM125,MNXR93632_MNXM495,MNXR93637_MNXM4817","1.MNXM12:1.MNXM2","1.CMPD_0000000194"
"36","TRS_0_3_301_0","MNXR55970_MNXM279,MNXR70957_MNXM279,MNXR73258_MNXM279","1.MNXM4:1.MNXM76","1.CMPD_0000000163"
"36","TRS_0_3_334_0","MNXR8824_MNXM3476,MNXR94628_MNXM3476","1.CMPD_0000000163:1.MNXM10","1.CMPD_0000000170"
"36","TRS_0_3_72_0","MNXR56599_MNXM9","1.CMPD_0000000021:1.MNXM2","1.CMPD_0000000185"
"37","TRS_0_0_2_0","MNXR56822_MNXM3355","1.CMPD_0000000006:1.CMPD_0000000007","1.TARGET_0000000001"
"37","TRS_0_1_13_0","MNXR63359_MNXM2781","1.CMPD_0000000015:1.MNXM01:1.MNXM6","1.CMPD_0000000007"
"37","TRS_0_1_3_0","MNXR1772_MNXM12,MNXR78501_MNXM12","1.CMPD_0000000018:1.MNXM3","1.CMPD_0000000006"
"37","TRS_0_2_215_0","MNXR8896_MNXM1887,MNXR94641_MNXM1887","1.CMPD_0000000163:1.MNXM4","1.CMPD_0000000015"
"37","TRS_0_2_220_0","MNXR21180_MNXM890","1.CMPD_0000000169:1.MNXM4:1.MNXM6","1.CMPD_0000000026"
"37","TRS_0_2_44_0","MNXR1041_MNXM443","1.CMPD_0000000026:1.CMPD_0000000194","1.CMPD_0000000021"
"37","TRS_0_2_5_0","MNXR81684_MNXM14,MNXR81781_MNXM3,MNXR93632_MNXM7,MNXR93637_MNXM19","1.CMPD_0000000192:1.MNXM15","1.CMPD_0000000018"
"37","TRS_0_3_113_0","MNXR12875_MNXM2620,MNXR466_MNXM334,MNXR7025_MNXM4817,MNXR70675_MNXM495,MNXR714_MNXM125,MNXR81551_MNXM334,MNXR81684_MNXM125,MNXR81781_MNXM423,MNXR86319_MNXM3596,MNXR88839_MNXM145884,MNXR891_MNXM423,MNXR91136_MNXM125,MNXR93632_MNXM495,MNXR93637_MNXM4817","1.MNXM12:1.MNXM2","1.CMPD_0000000194"
"37","TRS_0_3_305_0","MNXR93744_MNXM279","1.CMPD_0000000026:1.MNXM15","1.CMPD_0000000163"
"37","TRS_0_3_337_0","MNXR14773_MNXM505","1.MNXM10:1.MNXM164:1.MNXM26","1.CMPD_0000000169"
"37","TRS_0_3_47_0","MNXR78501_MNXM481","1.CMPD_0000000021:1.MNXM7","1.CMPD_0000000192"
"38","TRS_0_0_2_0","MNXR56822_MNXM3355","1.CMPD_0000000006:1.CMPD_0000000007","1.TARGET_0000000001"
"38","TRS_0_1_13_0","MNXR63359_MNXM2781","1.CMPD_0000000015:1.MNXM01:1.MNXM6","1.CMPD_0000000007"
"38","TRS_0_1_3_0","MNXR1772_MNXM12,MNXR78501_MNXM12","1.CMPD_0000000018:1.MNXM3","1.CMPD_0000000006"
"38","TRS_0_2_215_0","MNXR8896_MNXM1887,MNXR94641_MNXM1887","1.CMPD_0000000163:1.MNXM4","1.CMPD_0000000015"
"38","TRS_0_2_220_0","MNXR21180_MNXM890","1.CMPD_0000000169:1.MNXM4:1.MNXM6","1.CMPD_0000000026"
"38","TRS_0_2_44_0","MNXR1041_MNXM443","1.CMPD_0000000026:1.CMPD_0000000194","1.CMPD_0000000021"
"38","TRS_0_2_5_0","MNXR81684_MNXM14,MNXR81781_MNXM3,MNXR93632_MNXM7,MNXR93637_MNXM19","1.CMPD_0000000192:1.MNXM15","1.CMPD_0000000018"
"38","TRS_0_3_113_0","MNXR12875_MNXM2620,MNXR466_MNXM334,MNXR7025_MNXM4817,MNXR70675_MNXM495,MNXR714_MNXM125,MNXR81551_MNXM334,MNXR81684_MNXM125,MNXR81781_MNXM423,MNXR86319_MNXM3596,MNXR88839_MNXM145884,MNXR891_MNXM423,MNXR91136_MNXM125,MNXR93632_MNXM495,MNXR93637_MNXM4817","1.MNXM12:1.MNXM2","1.CMPD_0000000194"
"38","TRS_0_3_301_0","MNXR55970_MNXM279,MNXR70957_MNXM279,MNXR73258_MNXM279","1.MNXM4:1.MNXM76","1.CMPD_0000000163"
"38","TRS_0_3_337_0","MNXR14773_MNXM505","1.MNXM10:1.MNXM164:1.MNXM26","1.CMPD_0000000169"
"38","TRS_0_3_47_0","MNXR78501_MNXM481","1.CMPD_0000000021:1.MNXM7","1.CMPD_0000000192"
"39","TRS_0_0_2_0","MNXR56822_MNXM3355","1.CMPD_0000000006:1.CMPD_0000000007","1.TARGET_0000000001"
"39","TRS_0_1_13_0","MNXR63359_MNXM2781","1.CMPD_0000000015:1.MNXM01:1.MNXM6","1.CMPD_0000000007"
"39","TRS_0_1_2_0","MNXR92327_MNXM51115","1.CMPD_0000000017","1.CMPD_0000000006"
"39","TRS_0_2_215_0","MNXR8896_MNXM1887,MNXR94641_MNXM1887","1.CMPD_0000000163:1.MNXM4","1.CMPD_0000000015"
"39","TRS_0_2_220_0","MNXR21180_MNXM890","1.CMPD_0000000169:1.MNXM4:1.MNXM6","1.CMPD_0000000026"
"39","TRS_0_2_30_0","MNXR81684_MNXM14,MNXR81781_MNXM3,MNXR93632_MNXM7,MNXR93637_MNXM19","1.CMPD_0000000185:1.MNXM15","1.CMPD_0000000017"
"39","TRS_0_2_44_0","MNXR1041_MNXM443","1.CMPD_0000000026:1.CMPD_0000000194","1.CMPD_0000000021"
"39","TRS_0_3_113_0","MNXR12875_MNXM2620,MNXR466_MNXM334,MNXR7025_MNXM4817,MNXR70675_MNXM495,MNXR714_MNXM125,MNXR81551_MNXM334,MNXR81684_MNXM125,MNXR81781_MNXM423,MNXR86319_MNXM3596,MNXR88839_MNXM145884,MNXR891_MNXM423,MNXR91136_MNXM125,MNXR93632_MNXM495,MNXR93637_MNXM4817","1.MNXM12:1.MNXM2","1.CMPD_0000000194"
"39","TRS_0_3_305_0","MNXR93744_MNXM279","1.CMPD_0000000026:1.MNXM15","1.CMPD_0000000163"
"39","TRS_0_3_337_0","MNXR14773_MNXM505","1.MNXM10:1.MNXM164:1.MNXM26","1.CMPD_0000000169"
"39","TRS_0_3_72_0","MNXR56599_MNXM9","1.CMPD_0000000021:1.MNXM2","1.CMPD_0000000185"
"40","TRS_0_0_2_0","MNXR56822_MNXM3355","1.CMPD_0000000006:1.CMPD_0000000007","1.TARGET_0000000001"
"40","TRS_0_1_13_0","MNXR63359_MNXM2781","1.CMPD_0000000015:1.MNXM01:1.MNXM6","1.CMPD_0000000007"
"40","TRS_0_1_2_0","MNXR92327_MNXM51115","1.CMPD_0000000017","1.CMPD_0000000006"
"40","TRS_0_2_215_0","MNXR8896_MNXM1887,MNXR94641_MNXM1887","1.CMPD_0000000163:1.MNXM4","1.CMPD_0000000015"
"40","TRS_0_2_223_0","MNXR53231_MNXM890,MNXR93744_MNXM890","1.CMPD_0000000163","1.CMPD_0000000026"
"40","TRS_0_2_30_0","MNXR81684_MNXM14,MNXR81781_MNXM3,MNXR93632_MNXM7,MNXR93637_MNXM19","1.CMPD_0000000185:1.MNXM15","1.CMPD_0000000017"
"40","TRS_0_2_40_0","MNXR1772_MNXM12,MNXR78501_MNXM12","1.CMPD_0000000192:1.MNXM3","1.CMPD_0000000021"
"40","TRS_0_2_9_0","MNXR1041_MNXM443","1.CMPD_0000000026:1.MNXM481","1.CMPD_0000000018"
"40","TRS_0_3_301_0","MNXR55970_MNXM279,MNXR70957_MNXM279,MNXR73258_MNXM279","1.MNXM4:1.MNXM76","1.CMPD_0000000163"
"40","TRS_0_3_46_0","MNXR12875_MNXM2620,MNXR466_MNXM334,MNXR7025_MNXM4817,MNXR70675_MNXM495,MNXR714_MNXM125,MNXR81551_MNXM334,MNXR81684_MNXM125,MNXR81781_MNXM423,MNXR86319_MNXM3596,MNXR88839_MNXM145884,MNXR891_MNXM423,MNXR91136_MNXM125,MNXR93632_MNXM495,MNXR93637_MNXM4817","1.CMPD_0000000018:1.MNXM2","1.CMPD_0000000192"
"40","TRS_0_3_72_0","MNXR56599_MNXM9","1.CMPD_0000000021:1.MNXM2","1.CMPD_0000000185"
"41","TRS_0_0_2_0","MNXR56822_MNXM3355","1.CMPD_0000000006:1.CMPD_0000000007","1.TARGET_0000000001"
"41","TRS_0_1_13_0","MNXR63359_MNXM2781","1.CMPD_0000000015:1.MNXM01:1.MNXM6","1.CMPD_0000000007"
"41","TRS_0_1_3_0","MNXR1772_MNXM12,MNXR78501_MNXM12","1.CMPD_0000000018:1.MNXM3","1.CMPD_0000000006"
"41","TRS_0_2_10_0","MNXR514_MNXM14","1.CMPD_0000000030","1.CMPD_0000000018"
"41","TRS_0_2_215_0","MNXR8896_MNXM1887,MNXR94641_MNXM1887","1.CMPD_0000000163:1.MNXM4","1.CMPD_0000000015"
"41","TRS_0_2_223_0","MNXR53231_MNXM890,MNXR93744_MNXM890","1.CMPD_0000000163","1.CMPD_0000000026"
"41","TRS_0_2_44_0","MNXR1041_MNXM443","1.CMPD_0000000026:1.CMPD_0000000194","1.CMPD_0000000021"
"41","TRS_0_3_113_0","MNXR12875_MNXM2620,MNXR466_MNXM334,MNXR7025_MNXM4817,MNXR70675_MNXM495,MNXR714_MNXM125,MNXR81551_MNXM334,MNXR81684_MNXM125,MNXR81781_MNXM423,MNXR86319_MNXM3596,MNXR88839_MNXM145884,MNXR891_MNXM423,MNXR91136_MNXM125,MNXR93632_MNXM495,MNXR93637_MNXM4817","1.MNXM12:1.MNXM2","1.CMPD_0000000194"
"41","TRS_0_3_301_0","MNXR55970_MNXM279,MNXR70957_MNXM279,MNXR73258_MNXM279","1.MNXM4:1.MNXM76","1.CMPD_0000000163"
"41","TRS_0_3_315_0","MNXR68295_MNXM565,MNXR90842_MNXM565","1.CMPD_0000000192:1.MNXM42","1.CMPD_0000000030"
"41","TRS_0_3_47_0","MNXR78501_MNXM481","1.CMPD_0000000021:1.MNXM7","1.CMPD_0000000192"
"42","TRS_0_0_2_0","MNXR56822_MNXM3355","1.CMPD_0000000006:1.CMPD_0000000007","1.TARGET_0000000001"
"42","TRS_0_1_13_0","MNXR63359_MNXM2781","1.CMPD_0000000015:1.MNXM01:1.MNXM6","1.CMPD_0000000007"
"42","TRS_0_1_3_0","MNXR1772_MNXM12,MNXR78501_MNXM12","1.CMPD_0000000018:1.MNXM3","1.CMPD_0000000006"
"42","TRS_0_2_215_0","MNXR8896_MNXM1887,MNXR94641_MNXM1887","1.CMPD_0000000163:1.MNXM4","1.CMPD_0000000015"
"42","TRS_0_2_224_0","MNXR89767_MNXM890","1.CMPD_0000000170","1.CMPD_0000000026"
"42","TRS_0_2_44_0","MNXR1041_MNXM443","1.CMPD_0000000026:1.CMPD_0000000194","1.CMPD_0000000021"
"42","TRS_0_2_5_0","MNXR81684_MNXM14,MNXR81781_MNXM3,MNXR93632_MNXM7,MNXR93637_MNXM19","1.CMPD_0000000192:1.MNXM15","1.CMPD_0000000018"
"42","TRS_0_3_113_0","MNXR12875_MNXM2620,MNXR466_MNXM334,MNXR7025_MNXM4817,MNXR70675_MNXM495,MNXR714_MNXM125,MNXR81551_MNXM334,MNXR81684_MNXM125,MNXR81781_MNXM423,MNXR86319_MNXM3596,MNXR88839_MNXM145884,MNXR891_MNXM423,MNXR91136_MNXM125,MNXR93632_MNXM495,MNXR93637_MNXM4817","1.MNXM12:1.MNXM2","1.CMPD_0000000194"
"42","TRS_0_3_301_0","MNXR55970_MNXM279,MNXR70957_MNXM279,MNXR73258_MNXM279","1.MNXM4:1.MNXM76","1.CMPD_0000000163"
"42","TRS_0_3_334_0","MNXR8824_MNXM3476,MNXR94628_MNXM3476","1.CMPD_0000000163:1.MNXM10","1.CMPD_0000000170"
"42","TRS_0_3_47_0","MNXR78501_MNXM481","1.CMPD_0000000021:1.MNXM7","1.CMPD_0000000192"
"43","TRS_0_0_2_0","MNXR56822_MNXM3355","1.CMPD_0000000006:1.CMPD_0000000007","1.TARGET_0000000001"
"43","TRS_0_1_13_0","MNXR63359_MNXM2781","1.CMPD_0000000015:1.MNXM01:1.MNXM6","1.CMPD_0000000007"
"43","TRS_0_1_5_0","MNXR81684_MNXM14,MNXR81781_MNXM3,MNXR93632_MNXM7,MNXR93637_MNXM19","1.CMPD_0000000021:1.MNXM15","1.CMPD_0000000006"
"43","TRS_0_2_215_0","MNXR8896_MNXM1887,MNXR94641_MNXM1887","1.CMPD_0000000163:1.MNXM4","1.CMPD_0000000015"
"43","TRS_0_2_220_0","MNXR21180_MNXM890","1.CMPD_0000000169:1.MNXM4:1.MNXM6","1.CMPD_0000000026"
"43","TRS_0_2_33_0","MNXR1041_MNXM443","1.CMPD_0000000026:1.CMPD_0000000187","1.CMPD_0000000017"
"43","TRS_0_2_39_0","MNXR92327_MNXM51115","1.CMPD_0000000185","1.CMPD_0000000021"
"43","TRS_0_3_305_0","MNXR93744_MNXM279","1.CMPD_0000000026:1.MNXM15","1.CMPD_0000000163"
"43","TRS_0_3_337_0","MNXR14773_MNXM505","1.MNXM10:1.MNXM164:1.MNXM26","1.CMPD_0000000169"
"43","TRS_0_3_62_0","MNXR12875_MNXM2620,MNXR466_MNXM334,MNXR7025_MNXM4817,MNXR70675_MNXM495,MNXR714_MNXM125,MNXR81551_MNXM334,MNXR81684_MNXM125,MNXR81781_MNXM423,MNXR86319_MNXM3596,MNXR88839_MNXM145884,MNXR891_MNXM423,MNXR91136_MNXM125,MNXR93632_MNXM495,MNXR93637_MNXM4817","1.CMPD_0000000017:1.MNXM2","1.CMPD_0000000185"
"43","TRS_0_3_98_0","MNXR56599_MNXM9","1.MNXM12:1.MNXM2","1.CMPD_0000000187"
"44","TRS_0_0_2_0","MNXR56822_MNXM3355","1.CMPD_0000000006:1.CMPD_0000000007","1.TARGET_0000000001"
"44","TRS_0_1_13_0","MNXR63359_MNXM2781","1.CMPD_0000000015:1.MNXM01:1.MNXM6","1.CMPD_0000000007"
"44","TRS_0_1_5_0","MNXR81684_MNXM14,MNXR81781_MNXM3,MNXR93632_MNXM7,MNXR93637_MNXM19","1.CMPD_0000000021:1.MNXM15","1.CMPD_0000000006"
"44","TRS_0_2_215_0","MNXR8896_MNXM1887,MNXR94641_MNXM1887","1.CMPD_0000000163:1.MNXM4","1.CMPD_0000000015"
"44","TRS_0_2_220_0","MNXR21180_MNXM890","1.CMPD_0000000169:1.MNXM4:1.MNXM6","1.CMPD_0000000026"
"44","TRS_0_2_33_0","MNXR1041_MNXM443","1.CMPD_0000000026:1.CMPD_0000000187","1.CMPD_0000000017"
"44","TRS_0_2_39_0","MNXR92327_MNXM51115","1.CMPD_0000000185","1.CMPD_0000000021"
"44","TRS_0_3_301_0","MNXR55970_MNXM279,MNXR70957_MNXM279,MNXR73258_MNXM279","1.MNXM4:1.MNXM76","1.CMPD_0000000163"
"44","TRS_0_3_337_0","MNXR14773_MNXM505","1.MNXM10:1.MNXM164:1.MNXM26","1.CMPD_0000000169"
"44","TRS_0_3_62_0","MNXR12875_MNXM2620,MNXR466_MNXM334,MNXR7025_MNXM4817,MNXR70675_MNXM495,MNXR714_MNXM125,MNXR81551_MNXM334,MNXR81684_MNXM125,MNXR81781_MNXM423,MNXR86319_MNXM3596,MNXR88839_MNXM145884,MNXR891_MNXM423,MNXR91136_MNXM125,MNXR93632_MNXM495,MNXR93637_MNXM4817","1.CMPD_0000000017:1.MNXM2","1.CMPD_0000000185"
"44","TRS_0_3_98_0","MNXR56599_MNXM9","1.MNXM12:1.MNXM2","1.CMPD_0000000187"
"45","TRS_0_0_2_0","MNXR56822_MNXM3355","1.CMPD_0000000006:1.CMPD_0000000007","1.TARGET_0000000001"
"45","TRS_0_1_13_0","MNXR63359_MNXM2781","1.CMPD_0000000015:1.MNXM01:1.MNXM6","1.CMPD_0000000007"
"45","TRS_0_1_5_0","MNXR81684_MNXM14,MNXR81781_MNXM3,MNXR93632_MNXM7,MNXR93637_MNXM19","1.CMPD_0000000021:1.MNXM15","1.CMPD_0000000006"
"45","TRS_0_2_215_0","MNXR8896_MNXM1887,MNXR94641_MNXM1887","1.CMPD_0000000163:1.MNXM4","1.CMPD_0000000015"
"45","TRS_0_2_224_0","MNXR89767_MNXM890","1.CMPD_0000000170","1.CMPD_0000000026"
"45","TRS_0_2_33_0","MNXR1041_MNXM443","1.CMPD_0000000026:1.CMPD_0000000187","1.CMPD_0000000017"
"45","TRS_0_2_39_0","MNXR92327_MNXM51115","1.CMPD_0000000185","1.CMPD_0000000021"
"45","TRS_0_3_301_0","MNXR55970_MNXM279,MNXR70957_MNXM279,MNXR73258_MNXM279","1.MNXM4:1.MNXM76","1.CMPD_0000000163"
"45","TRS_0_3_334_0","MNXR8824_MNXM3476,MNXR94628_MNXM3476","1.CMPD_0000000163:1.MNXM10","1.CMPD_0000000170"
"45","TRS_0_3_62_0","MNXR12875_MNXM2620,MNXR466_MNXM334,MNXR7025_MNXM4817,MNXR70675_MNXM495,MNXR714_MNXM125,MNXR81551_MNXM334,MNXR81684_MNXM125,MNXR81781_MNXM423,MNXR86319_MNXM3596,MNXR88839_MNXM145884,MNXR891_MNXM423,MNXR91136_MNXM125,MNXR93632_MNXM495,MNXR93637_MNXM4817","1.CMPD_0000000017:1.MNXM2","1.CMPD_0000000185"
"45","TRS_0_3_98_0","MNXR56599_MNXM9","1.MNXM12:1.MNXM2","1.CMPD_0000000187"
"46","TRS_0_0_2_0","MNXR56822_MNXM3355","1.CMPD_0000000006:1.CMPD_0000000007","1.TARGET_0000000001"
"46","TRS_0_1_13_0","MNXR63359_MNXM2781","1.CMPD_0000000015:1.MNXM01:1.MNXM6","1.CMPD_0000000007"
"46","TRS_0_1_2_0","MNXR92327_MNXM51115","1.CMPD_0000000017","1.CMPD_0000000006"
"46","TRS_0_2_215_0","MNXR8896_MNXM1887,MNXR94641_MNXM1887","1.CMPD_0000000163:1.MNXM4","1.CMPD_0000000015"
"46","TRS_0_2_220_0","MNXR21180_MNXM890","1.CMPD_0000000169:1.MNXM4:1.MNXM6","1.CMPD_0000000026"
"46","TRS_0_2_30_0","MNXR81684_MNXM14,MNXR81781_MNXM3,MNXR93632_MNXM7,MNXR93637_MNXM19","1.CMPD_0000000185:1.MNXM15","1.CMPD_0000000017"
"46","TRS_0_2_40_0","MNXR1772_MNXM12,MNXR78501_MNXM12","1.CMPD_0000000192:1.MNXM3","1.CMPD_0000000021"
"46","TRS_0_2_9_0","MNXR1041_MNXM443","1.CMPD_0000000026:1.MNXM481","1.CMPD_0000000018"
"46","TRS_0_3_305_0","MNXR93744_MNXM279","1.CMPD_0000000026:1.MNXM15","1.CMPD_0000000163"
"46","TRS_0_3_337_0","MNXR14773_MNXM505","1.MNXM10:1.MNXM164:1.MNXM26","1.CMPD_0000000169"
"46","TRS_0_3_46_0","MNXR12875_MNXM2620,MNXR466_MNXM334,MNXR7025_MNXM4817,MNXR70675_MNXM495,MNXR714_MNXM125,MNXR81551_MNXM334,MNXR81684_MNXM125,MNXR81781_MNXM423,MNXR86319_MNXM3596,MNXR88839_MNXM145884,MNXR891_MNXM423,MNXR91136_MNXM125,MNXR93632_MNXM495,MNXR93637_MNXM4817","1.CMPD_0000000018:1.MNXM2","1.CMPD_0000000192"
"46","TRS_0_3_72_0","MNXR56599_MNXM9","1.CMPD_0000000021:1.MNXM2","1.CMPD_0000000185"
"47","TRS_0_0_2_0","MNXR56822_MNXM3355","1.CMPD_0000000006:1.CMPD_0000000007","1.TARGET_0000000001"
"47","TRS_0_1_13_0","MNXR63359_MNXM2781","1.CMPD_0000000015:1.MNXM01:1.MNXM6","1.CMPD_0000000007"
"47","TRS_0_1_2_0","MNXR92327_MNXM51115","1.CMPD_0000000017","1.CMPD_0000000006"
"47","TRS_0_2_215_0","MNXR8896_MNXM1887,MNXR94641_MNXM1887","1.CMPD_0000000163:1.MNXM4","1.CMPD_0000000015"
"47","TRS_0_2_220_0","MNXR21180_MNXM890","1.CMPD_0000000169:1.MNXM4:1.MNXM6","1.CMPD_0000000026"
"47","TRS_0_2_30_0","MNXR81684_MNXM14,MNXR81781_MNXM3,MNXR93632_MNXM7,MNXR93637_MNXM19","1.CMPD_0000000185:1.MNXM15","1.CMPD_0000000017"
"47","TRS_0_2_40_0","MNXR1772_MNXM12,MNXR78501_MNXM12","1.CMPD_0000000192:1.MNXM3","1.CMPD_0000000021"
"47","TRS_0_2_9_0","MNXR1041_MNXM443","1.CMPD_0000000026:1.MNXM481","1.CMPD_0000000018"
"47","TRS_0_3_301_0","MNXR55970_MNXM279,MNXR70957_MNXM279,MNXR73258_MNXM279","1.MNXM4:1.MNXM76","1.CMPD_0000000163"
"47","TRS_0_3_337_0","MNXR14773_MNXM505","1.MNXM10:1.MNXM164:1.MNXM26","1.CMPD_0000000169"
"47","TRS_0_3_46_0","MNXR12875_MNXM2620,MNXR466_MNXM334,MNXR7025_MNXM4817,MNXR70675_MNXM495,MNXR714_MNXM125,MNXR81551_MNXM334,MNXR81684_MNXM125,MNXR81781_MNXM423,MNXR86319_MNXM3596,MNXR88839_MNXM145884,MNXR891_MNXM423,MNXR91136_MNXM125,MNXR93632_MNXM495,MNXR93637_MNXM4817","1.CMPD_0000000018:1.MNXM2","1.CMPD_0000000192"
"47","TRS_0_3_72_0","MNXR56599_MNXM9","1.CMPD_0000000021:1.MNXM2","1.CMPD_0000000185"
"48","TRS_0_0_2_0","MNXR56822_MNXM3355","1.CMPD_0000000006:1.CMPD_0000000007","1.TARGET_0000000001"
"48","TRS_0_1_13_0","MNXR63359_MNXM2781","1.CMPD_0000000015:1.MNXM01:1.MNXM6","1.CMPD_0000000007"
"48","TRS_0_1_2_0","MNXR92327_MNXM51115","1.CMPD_0000000017","1.CMPD_0000000006"
"48","TRS_0_2_215_0","MNXR8896_MNXM1887,MNXR94641_MNXM1887","1.CMPD_0000000163:1.MNXM4","1.CMPD_0000000015"
"48","TRS_0_2_224_0","MNXR89767_MNXM890","1.CMPD_0000000170","1.CMPD_0000000026"
"48","TRS_0_2_30_0","MNXR81684_MNXM14,MNXR81781_MNXM3,MNXR93632_MNXM7,MNXR93637_MNXM19","1.CMPD_0000000185:1.MNXM15","1.CMPD_0000000017"
"48","TRS_0_2_40_0","MNXR1772_MNXM12,MNXR78501_MNXM12","1.CMPD_0000000192:1.MNXM3","1.CMPD_0000000021"
"48","TRS_0_2_9_0","MNXR1041_MNXM443","1.CMPD_0000000026:1.MNXM481","1.CMPD_0000000018"
"48","TRS_0_3_301_0","MNXR55970_MNXM279,MNXR70957_MNXM279,MNXR73258_MNXM279","1.MNXM4:1.MNXM76","1.CMPD_0000000163"
"48","TRS_0_3_334_0","MNXR8824_MNXM3476,MNXR94628_MNXM3476","1.CMPD_0000000163:1.MNXM10","1.CMPD_0000000170"
"48","TRS_0_3_46_0","MNXR12875_MNXM2620,MNXR466_MNXM334,MNXR7025_MNXM4817,MNXR70675_MNXM495,MNXR714_MNXM125,MNXR81551_MNXM334,MNXR81684_MNXM125,MNXR81781_MNXM423,MNXR86319_MNXM3596,MNXR88839_MNXM145884,MNXR891_MNXM423,MNXR91136_MNXM125,MNXR93632_MNXM495,MNXR93637_MNXM4817","1.CMPD_0000000018:1.MNXM2","1.CMPD_0000000192"
"48","TRS_0_3_72_0","MNXR56599_MNXM9","1.CMPD_0000000021:1.MNXM2","1.CMPD_0000000185"
"49","TRS_0_0_2_0","MNXR56822_MNXM3355","1.CMPD_0000000006:1.CMPD_0000000007","1.TARGET_0000000001"
"49","TRS_0_1_13_0","MNXR63359_MNXM2781","1.CMPD_0000000015:1.MNXM01:1.MNXM6","1.CMPD_0000000007"
"49","TRS_0_1_3_0","MNXR1772_MNXM12,MNXR78501_MNXM12","1.CMPD_0000000018:1.MNXM3","1.CMPD_0000000006"
"49","TRS_0_2_215_0","MNXR8896_MNXM1887,MNXR94641_MNXM1887","1.CMPD_0000000163:1.MNXM4","1.CMPD_0000000015"
"49","TRS_0_2_223_0","MNXR53231_MNXM890,MNXR93744_MNXM890","1.CMPD_0000000163","1.CMPD_0000000026"
"49","TRS_0_2_33_0","MNXR1041_MNXM443","1.CMPD_0000000026:1.CMPD_0000000187","1.CMPD_0000000017"
"49","TRS_0_2_39_0","MNXR92327_MNXM51115","1.CMPD_0000000185","1.CMPD_0000000021"
"49","TRS_0_2_5_0","MNXR81684_MNXM14,MNXR81781_MNXM3,MNXR93632_MNXM7,MNXR93637_MNXM19","1.CMPD_0000000192:1.MNXM15","1.CMPD_0000000018"
"49","TRS_0_3_301_0","MNXR55970_MNXM279,MNXR70957_MNXM279,MNXR73258_MNXM279","1.MNXM4:1.MNXM76","1.CMPD_0000000163"
"49","TRS_0_3_47_0","MNXR78501_MNXM481","1.CMPD_0000000021:1.MNXM7","1.CMPD_0000000192"
"49","TRS_0_3_62_0","MNXR12875_MNXM2620,MNXR466_MNXM334,MNXR7025_MNXM4817,MNXR70675_MNXM495,MNXR714_MNXM125,MNXR81551_MNXM334,MNXR81684_MNXM125,MNXR81781_MNXM423,MNXR86319_MNXM3596,MNXR88839_MNXM145884,MNXR891_MNXM423,MNXR91136_MNXM125,MNXR93632_MNXM495,MNXR93637_MNXM4817","1.CMPD_0000000017:1.MNXM2","1.CMPD_0000000185"
"49","TRS_0_3_98_0","MNXR56599_MNXM9","1.MNXM12:1.MNXM2","1.CMPD_0000000187"
"50","TRS_0_0_2_0","MNXR56822_MNXM3355","1.CMPD_0000000006:1.CMPD_0000000007","1.TARGET_0000000001"
"50","TRS_0_1_13_0","MNXR63359_MNXM2781","1.CMPD_0000000015:1.MNXM01:1.MNXM6","1.CMPD_0000000007"
"50","TRS_0_1_3_0","MNXR1772_MNXM12,MNXR78501_MNXM12","1.CMPD_0000000018:1.MNXM3","1.CMPD_0000000006"
"50","TRS_0_2_10_0","MNXR514_MNXM14","1.CMPD_0000000030","1.CMPD_0000000018"
"50","TRS_0_2_215_0","MNXR8896_MNXM1887,MNXR94641_MNXM1887","1.CMPD_0000000163:1.MNXM4","1.CMPD_0000000015"
"50","TRS_0_2_220_0","MNXR21180_MNXM890","1.CMPD_0000000169:1.MNXM4:1.MNXM6","1.CMPD_0000000026"
"50","TRS_0_2_44_0","MNXR1041_MNXM443","1.CMPD_0000000026:1.CMPD_0000000194","1.CMPD_0000000021"
"50","TRS_0_3_113_0","MNXR12875_MNXM2620,MNXR466_MNXM334,MNXR7025_MNXM4817,MNXR70675_MNXM495,MNXR714_MNXM125,MNXR81551_MNXM334,MNXR81684_MNXM125,MNXR81781_MNXM423,MNXR86319_MNXM3596,MNXR88839_MNXM145884,MNXR891_MNXM423,MNXR91136_MNXM125,MNXR93632_MNXM495,MNXR93637_MNXM4817","1.MNXM12:1.MNXM2","1.CMPD_0000000194"
"50","TRS_0_3_301_0","MNXR55970_MNXM279,MNXR70957_MNXM279,MNXR73258_MNXM279","1.MNXM4:1.MNXM76","1.CMPD_0000000163"
"50","TRS_0_3_315_0","MNXR68295_MNXM565,MNXR90842_MNXM565","1.CMPD_0000000192:1.MNXM42","1.CMPD_0000000030"
"50","TRS_0_3_337_0","MNXR14773_MNXM505","1.MNXM10:1.MNXM164:1.MNXM26","1.CMPD_0000000169"
"50","TRS_0_3_47_0","MNXR78501_MNXM481","1.CMPD_0000000021:1.MNXM7","1.CMPD_0000000192"
"51","TRS_0_0_2_0","MNXR56822_MNXM3355","1.CMPD_0000000006:1.CMPD_0000000007","1.TARGET_0000000001"
"51","TRS_0_1_13_0","MNXR63359_MNXM2781","1.CMPD_0000000015:1.MNXM01:1.MNXM6","1.CMPD_0000000007"
"51","TRS_0_1_3_0","MNXR1772_MNXM12,MNXR78501_MNXM12","1.CMPD_0000000018:1.MNXM3","1.CMPD_0000000006"
"51","TRS_0_2_10_0","MNXR514_MNXM14","1.CMPD_0000000030","1.CMPD_0000000018"
"51","TRS_0_2_215_0","MNXR8896_MNXM1887,MNXR94641_MNXM1887","1.CMPD_0000000163:1.MNXM4","1.CMPD_0000000015"
"51","TRS_0_2_220_0","MNXR21180_MNXM890","1.CMPD_0000000169:1.MNXM4:1.MNXM6","1.CMPD_0000000026"
"51","TRS_0_2_44_0","MNXR1041_MNXM443","1.CMPD_0000000026:1.CMPD_0000000194","1.CMPD_0000000021"
"51","TRS_0_3_113_0","MNXR12875_MNXM2620,MNXR466_MNXM334,MNXR7025_MNXM4817,MNXR70675_MNXM495,MNXR714_MNXM125,MNXR81551_MNXM334,MNXR81684_MNXM125,MNXR81781_MNXM423,MNXR86319_MNXM3596,MNXR88839_MNXM145884,MNXR891_MNXM423,MNXR91136_MNXM125,MNXR93632_MNXM495,MNXR93637_MNXM4817","1.MNXM12:1.MNXM2","1.CMPD_0000000194"
"51","TRS_0_3_305_0","MNXR93744_MNXM279","1.CMPD_0000000026:1.MNXM15","1.CMPD_0000000163"
"51","TRS_0_3_315_0","MNXR68295_MNXM565,MNXR90842_MNXM565","1.CMPD_0000000192:1.MNXM42","1.CMPD_0000000030"
"51","TRS_0_3_337_0","MNXR14773_MNXM505","1.MNXM10:1.MNXM164:1.MNXM26","1.CMPD_0000000169"
"51","TRS_0_3_47_0","MNXR78501_MNXM481","1.CMPD_0000000021:1.MNXM7","1.CMPD_0000000192"
"52","TRS_0_0_2_0","MNXR56822_MNXM3355","1.CMPD_0000000006:1.CMPD_0000000007","1.TARGET_0000000001"
"52","TRS_0_1_13_0","MNXR63359_MNXM2781","1.CMPD_0000000015:1.MNXM01:1.MNXM6","1.CMPD_0000000007"
"52","TRS_0_1_3_0","MNXR1772_MNXM12,MNXR78501_MNXM12","1.CMPD_0000000018:1.MNXM3","1.CMPD_0000000006"
"52","TRS_0_2_10_0","MNXR514_MNXM14","1.CMPD_0000000030","1.CMPD_0000000018"
"52","TRS_0_2_215_0","MNXR8896_MNXM1887,MNXR94641_MNXM1887","1.CMPD_0000000163:1.MNXM4","1.CMPD_0000000015"
"52","TRS_0_2_224_0","MNXR89767_MNXM890","1.CMPD_0000000170","1.CMPD_0000000026"
"52","TRS_0_2_44_0","MNXR1041_MNXM443","1.CMPD_0000000026:1.CMPD_0000000194","1.CMPD_0000000021"
"52","TRS_0_3_113_0","MNXR12875_MNXM2620,MNXR466_MNXM334,MNXR7025_MNXM4817,MNXR70675_MNXM495,MNXR714_MNXM125,MNXR81551_MNXM334,MNXR81684_MNXM125,MNXR81781_MNXM423,MNXR86319_MNXM3596,MNXR88839_MNXM145884,MNXR891_MNXM423,MNXR91136_MNXM125,MNXR93632_MNXM495,MNXR93637_MNXM4817","1.MNXM12:1.MNXM2","1.CMPD_0000000194"
"52","TRS_0_3_301_0","MNXR55970_MNXM279,MNXR70957_MNXM279,MNXR73258_MNXM279","1.MNXM4:1.MNXM76","1.CMPD_0000000163"
"52","TRS_0_3_315_0","MNXR68295_MNXM565,MNXR90842_MNXM565","1.CMPD_0000000192:1.MNXM42","1.CMPD_0000000030"
"52","TRS_0_3_334_0","MNXR8824_MNXM3476,MNXR94628_MNXM3476","1.CMPD_0000000163:1.MNXM10","1.CMPD_0000000170"
"52","TRS_0_3_47_0","MNXR78501_MNXM481","1.CMPD_0000000021:1.MNXM7","1.CMPD_0000000192"
"53","TRS_0_0_2_0","MNXR56822_MNXM3355","1.CMPD_0000000006:1.CMPD_0000000007","1.TARGET_0000000001"
"53","TRS_0_1_13_0","MNXR63359_MNXM2781","1.CMPD_0000000015:1.MNXM01:1.MNXM6","1.CMPD_0000000007"
"53","TRS_0_1_3_0","MNXR1772_MNXM12,MNXR78501_MNXM12","1.CMPD_0000000018:1.MNXM3","1.CMPD_0000000006"
"53","TRS_0_2_215_0","MNXR8896_MNXM1887,MNXR94641_MNXM1887","1.CMPD_0000000163:1.MNXM4","1.CMPD_0000000015"
"53","TRS_0_2_220_0","MNXR21180_MNXM890","1.CMPD_0000000169:1.MNXM4:1.MNXM6","1.CMPD_0000000026"
"53","TRS_0_2_33_0","MNXR1041_MNXM443","1.CMPD_0000000026:1.CMPD_0000000187","1.CMPD_0000000017"
"53","TRS_0_2_39_0","MNXR92327_MNXM51115","1.CMPD_0000000185","1.CMPD_0000000021"
"53","TRS_0_2_5_0","MNXR81684_MNXM14,MNXR81781_MNXM3,MNXR93632_MNXM7,MNXR93637_MNXM19","1.CMPD_0000000192:1.MNXM15","1.CMPD_0000000018"
"53","TRS_0_3_301_0","MNXR55970_MNXM279,MNXR70957_MNXM279,MNXR73258_MNXM279","1.MNXM4:1.MNXM76","1.CMPD_0000000163"
"53","TRS_0_3_337_0","MNXR14773_MNXM505","1.MNXM10:1.MNXM164:1.MNXM26","1.CMPD_0000000169"
"53","TRS_0_3_47_0","MNXR78501_MNXM481","1.CMPD_0000000021:1.MNXM7","1.CMPD_0000000192"
"53","TRS_0_3_62_0","MNXR12875_MNXM2620,MNXR466_MNXM334,MNXR7025_MNXM4817,MNXR70675_MNXM495,MNXR714_MNXM125,MNXR81551_MNXM334,MNXR81684_MNXM125,MNXR81781_MNXM423,MNXR86319_MNXM3596,MNXR88839_MNXM145884,MNXR891_MNXM423,MNXR91136_MNXM125,MNXR93632_MNXM495,MNXR93637_MNXM4817","1.CMPD_0000000017:1.MNXM2","1.CMPD_0000000185"
"53","TRS_0_3_98_0","MNXR56599_MNXM9","1.MNXM12:1.MNXM2","1.CMPD_0000000187"
"54","TRS_0_0_2_0","MNXR56822_MNXM3355","1.CMPD_0000000006:1.CMPD_0000000007","1.TARGET_0000000001"
"54","TRS_0_1_13_0","MNXR63359_MNXM2781","1.CMPD_0000000015:1.MNXM01:1.MNXM6","1.CMPD_0000000007"
"54","TRS_0_1_3_0","MNXR1772_MNXM12,MNXR78501_MNXM12","1.CMPD_0000000018:1.MNXM3","1.CMPD_0000000006"
"54","TRS_0_2_215_0","MNXR8896_MNXM1887,MNXR94641_MNXM1887","1.CMPD_0000000163:1.MNXM4","1.CMPD_0000000015"
"54","TRS_0_2_224_0","MNXR89767_MNXM890","1.CMPD_0000000170","1.CMPD_0000000026"
"54","TRS_0_2_33_0","MNXR1041_MNXM443","1.CMPD_0000000026:1.CMPD_0000000187","1.CMPD_0000000017"
"54","TRS_0_2_39_0","MNXR92327_MNXM51115","1.CMPD_0000000185","1.CMPD_0000000021"
"54","TRS_0_2_5_0","MNXR81684_MNXM14,MNXR81781_MNXM3,MNXR93632_MNXM7,MNXR93637_MNXM19","1.CMPD_0000000192:1.MNXM15","1.CMPD_0000000018"
"54","TRS_0_3_301_0","MNXR55970_MNXM279,MNXR70957_MNXM279,MNXR73258_MNXM279","1.MNXM4:1.MNXM76","1.CMPD_0000000163"
"54","TRS_0_3_334_0","MNXR8824_MNXM3476,MNXR94628_MNXM3476","1.CMPD_0000000163:1.MNXM10","1.CMPD_0000000170"
"54","TRS_0_3_47_0","MNXR78501_MNXM481","1.CMPD_0000000021:1.MNXM7","1.CMPD_0000000192"
"54","TRS_0_3_62_0","MNXR12875_MNXM2620,MNXR466_MNXM334,MNXR7025_MNXM4817,MNXR70675_MNXM495,MNXR714_MNXM125,MNXR81551_MNXM334,MNXR81684_MNXM125,MNXR81781_MNXM423,MNXR86319_MNXM3596,MNXR88839_MNXM145884,MNXR891_MNXM423,MNXR91136_MNXM125,MNXR93632_MNXM495,MNXR93637_MNXM4817","1.CMPD_0000000017:1.MNXM2","1.CMPD_0000000185"
"54","TRS_0_3_98_0","MNXR56599_MNXM9","1.MNXM12:1.MNXM2","1.CMPD_0000000187"
"55","TRS_0_0_2_0","MNXR56822_MNXM3355","1.CMPD_0000000006:1.CMPD_0000000007","1.TARGET_0000000001"
"55","TRS_0_1_13_0","MNXR63359_MNXM2781","1.CMPD_0000000015:1.MNXM01:1.MNXM6","1.CMPD_0000000007"
"55","TRS_0_1_3_0","MNXR1772_MNXM12,MNXR78501_MNXM12","1.CMPD_0000000018:1.MNXM3","1.CMPD_0000000006"
"55","TRS_0_2_10_0","MNXR514_MNXM14","1.CMPD_0000000030","1.CMPD_0000000018"
"55","TRS_0_2_215_0","MNXR8896_MNXM1887,MNXR94641_MNXM1887","1.CMPD_0000000163:1.MNXM4","1.CMPD_0000000015"
"55","TRS_0_2_223_0","MNXR53231_MNXM890,MNXR93744_MNXM890","1.CMPD_0000000163","1.CMPD_0000000026"
"55","TRS_0_2_33_0","MNXR1041_MNXM443","1.CMPD_0000000026:1.CMPD_0000000187","1.CMPD_0000000017"
"55","TRS_0_2_39_0","MNXR92327_MNXM51115","1.CMPD_0000000185","1.CMPD_0000000021"
"55","TRS_0_3_301_0","MNXR55970_MNXM279,MNXR70957_MNXM279,MNXR73258_MNXM279","1.MNXM4:1.MNXM76","1.CMPD_0000000163"
"55","TRS_0_3_315_0","MNXR68295_MNXM565,MNXR90842_MNXM565","1.CMPD_0000000192:1.MNXM42","1.CMPD_0000000030"
"55","TRS_0_3_47_0","MNXR78501_MNXM481","1.CMPD_0000000021:1.MNXM7","1.CMPD_0000000192"
"55","TRS_0_3_62_0","MNXR12875_MNXM2620,MNXR466_MNXM334,MNXR7025_MNXM4817,MNXR70675_MNXM495,MNXR714_MNXM125,MNXR81551_MNXM334,MNXR81684_MNXM125,MNXR81781_MNXM423,MNXR86319_MNXM3596,MNXR88839_MNXM145884,MNXR891_MNXM423,MNXR91136_MNXM125,MNXR93632_MNXM495,MNXR93637_MNXM4817","1.CMPD_0000000017:1.MNXM2","1.CMPD_0000000185"
"55","TRS_0_3_98_0","MNXR56599_MNXM9","1.MNXM12:1.MNXM2","1.CMPD_0000000187"
"56","TRS_0_0_2_0","MNXR56822_MNXM3355","1.CMPD_0000000006:1.CMPD_0000000007","1.TARGET_0000000001"
"56","TRS_0_1_13_0","MNXR63359_MNXM2781","1.CMPD_0000000015:1.MNXM01:1.MNXM6","1.CMPD_0000000007"
"56","TRS_0_1_3_0","MNXR1772_MNXM12,MNXR78501_MNXM12","1.CMPD_0000000018:1.MNXM3","1.CMPD_0000000006"
"56","TRS_0_2_215_0","MNXR8896_MNXM1887,MNXR94641_MNXM1887","1.CMPD_0000000163:1.MNXM4","1.CMPD_0000000015"
"56","TRS_0_2_220_0","MNXR21180_MNXM890","1.CMPD_0000000169:1.MNXM4:1.MNXM6","1.CMPD_0000000026"
"56","TRS_0_2_33_0","MNXR1041_MNXM443","1.CMPD_0000000026:1.CMPD_0000000187","1.CMPD_0000000017"
"56","TRS_0_2_39_0","MNXR92327_MNXM51115","1.CMPD_0000000185","1.CMPD_0000000021"
"56","TRS_0_2_5_0","MNXR81684_MNXM14,MNXR81781_MNXM3,MNXR93632_MNXM7,MNXR93637_MNXM19","1.CMPD_0000000192:1.MNXM15","1.CMPD_0000000018"
"56","TRS_0_3_305_0","MNXR93744_MNXM279","1.CMPD_0000000026:1.MNXM15","1.CMPD_0000000163"
"56","TRS_0_3_337_0","MNXR14773_MNXM505","1.MNXM10:1.MNXM164:1.MNXM26","1.CMPD_0000000169"
"56","TRS_0_3_47_0","MNXR78501_MNXM481","1.CMPD_0000000021:1.MNXM7","1.CMPD_0000000192"
"56","TRS_0_3_62_0","MNXR12875_MNXM2620,MNXR466_MNXM334,MNXR7025_MNXM4817,MNXR70675_MNXM495,MNXR714_MNXM125,MNXR81551_MNXM334,MNXR81684_MNXM125,MNXR81781_MNXM423,MNXR86319_MNXM3596,MNXR88839_MNXM145884,MNXR891_MNXM423,MNXR91136_MNXM125,MNXR93632_MNXM495,MNXR93637_MNXM4817","1.CMPD_0000000017:1.MNXM2","1.CMPD_0000000185"
"56","TRS_0_3_98_0","MNXR56599_MNXM9","1.MNXM12:1.MNXM2","1.CMPD_0000000187"
"57","TRS_0_0_2_0","MNXR56822_MNXM3355","1.CMPD_0000000006:1.CMPD_0000000007","1.TARGET_0000000001"
"57","TRS_0_1_13_0","MNXR63359_MNXM2781","1.CMPD_0000000015:1.MNXM01:1.MNXM6","1.CMPD_0000000007"
"57","TRS_0_1_3_0","MNXR1772_MNXM12,MNXR78501_MNXM12","1.CMPD_0000000018:1.MNXM3","1.CMPD_0000000006"
"57","TRS_0_2_10_0","MNXR514_MNXM14","1.CMPD_0000000030","1.CMPD_0000000018"
"57","TRS_0_2_215_0","MNXR8896_MNXM1887,MNXR94641_MNXM1887","1.CMPD_0000000163:1.MNXM4","1.CMPD_0000000015"
"57","TRS_0_2_220_0","MNXR21180_MNXM890","1.CMPD_0000000169:1.MNXM4:1.MNXM6","1.CMPD_0000000026"
"57","TRS_0_2_33_0","MNXR1041_MNXM443","1.CMPD_0000000026:1.CMPD_0000000187","1.CMPD_0000000017"
"57","TRS_0_2_39_0","MNXR92327_MNXM51115","1.CMPD_0000000185","1.CMPD_0000000021"
"57","TRS_0_3_301_0","MNXR55970_MNXM279,MNXR70957_MNXM279,MNXR73258_MNXM279","1.MNXM4:1.MNXM76","1.CMPD_0000000163"
"57","TRS_0_3_315_0","MNXR68295_MNXM565,MNXR90842_MNXM565","1.CMPD_0000000192:1.MNXM42","1.CMPD_0000000030"
"57","TRS_0_3_337_0","MNXR14773_MNXM505","1.MNXM10:1.MNXM164:1.MNXM26","1.CMPD_0000000169"
"57","TRS_0_3_47_0","MNXR78501_MNXM481","1.CMPD_0000000021:1.MNXM7","1.CMPD_0000000192"
"57","TRS_0_3_62_0","MNXR12875_MNXM2620,MNXR466_MNXM334,MNXR7025_MNXM4817,MNXR70675_MNXM495,MNXR714_MNXM125,MNXR81551_MNXM334,MNXR81684_MNXM125,MNXR81781_MNXM423,MNXR86319_MNXM3596,MNXR88839_MNXM145884,MNXR891_MNXM423,MNXR91136_MNXM125,MNXR93632_MNXM495,MNXR93637_MNXM4817","1.CMPD_0000000017:1.MNXM2","1.CMPD_0000000185"
"57","TRS_0_3_98_0","MNXR56599_MNXM9","1.MNXM12:1.MNXM2","1.CMPD_0000000187"
"58","TRS_0_0_2_0","MNXR56822_MNXM3355","1.CMPD_0000000006:1.CMPD_0000000007","1.TARGET_0000000001"
"58","TRS_0_1_13_0","MNXR63359_MNXM2781","1.CMPD_0000000015:1.MNXM01:1.MNXM6","1.CMPD_0000000007"
"58","TRS_0_1_3_0","MNXR1772_MNXM12,MNXR78501_MNXM12","1.CMPD_0000000018:1.MNXM3","1.CMPD_0000000006"
"58","TRS_0_2_10_0","MNXR514_MNXM14","1.CMPD_0000000030","1.CMPD_0000000018"
"58","TRS_0_2_215_0","MNXR8896_MNXM1887,MNXR94641_MNXM1887","1.CMPD_0000000163:1.MNXM4","1.CMPD_0000000015"
"58","TRS_0_2_220_0","MNXR21180_MNXM890","1.CMPD_0000000169:1.MNXM4:1.MNXM6","1.CMPD_0000000026"
"58","TRS_0_2_33_0","MNXR1041_MNXM443","1.CMPD_0000000026:1.CMPD_0000000187","1.CMPD_0000000017"
"58","TRS_0_2_39_0","MNXR92327_MNXM51115","1.CMPD_0000000185","1.CMPD_0000000021"
"58","TRS_0_3_305_0","MNXR93744_MNXM279","1.CMPD_0000000026:1.MNXM15","1.CMPD_0000000163"
"58","TRS_0_3_315_0","MNXR68295_MNXM565,MNXR90842_MNXM565","1.CMPD_0000000192:1.MNXM42","1.CMPD_0000000030"
"58","TRS_0_3_337_0","MNXR14773_MNXM505","1.MNXM10:1.MNXM164:1.MNXM26","1.CMPD_0000000169"
"58","TRS_0_3_47_0","MNXR78501_MNXM481","1.CMPD_0000000021:1.MNXM7","1.CMPD_0000000192"
"58","TRS_0_3_62_0","MNXR12875_MNXM2620,MNXR466_MNXM334,MNXR7025_MNXM4817,MNXR70675_MNXM495,MNXR714_MNXM125,MNXR81551_MNXM334,MNXR81684_MNXM125,MNXR81781_MNXM423,MNXR86319_MNXM3596,MNXR88839_MNXM145884,MNXR891_MNXM423,MNXR91136_MNXM125,MNXR93632_MNXM495,MNXR93637_MNXM4817","1.CMPD_0000000017:1.MNXM2","1.CMPD_0000000185"
"58","TRS_0_3_98_0","MNXR56599_MNXM9","1.MNXM12:1.MNXM2","1.CMPD_0000000187"
"59","TRS_0_0_2_0","MNXR56822_MNXM3355","1.CMPD_0000000006:1.CMPD_0000000007","1.TARGET_0000000001"
"59","TRS_0_1_13_0","MNXR63359_MNXM2781","1.CMPD_0000000015:1.MNXM01:1.MNXM6","1.CMPD_0000000007"
"59","TRS_0_1_3_0","MNXR1772_MNXM12,MNXR78501_MNXM12","1.CMPD_0000000018:1.MNXM3","1.CMPD_0000000006"
"59","TRS_0_2_10_0","MNXR514_MNXM14","1.CMPD_0000000030","1.CMPD_0000000018"
"59","TRS_0_2_215_0","MNXR8896_MNXM1887,MNXR94641_MNXM1887","1.CMPD_0000000163:1.MNXM4","1.CMPD_0000000015"
"59","TRS_0_2_224_0","MNXR89767_MNXM890","1.CMPD_0000000170","1.CMPD_0000000026"
"59","TRS_0_2_33_0","MNXR1041_MNXM443","1.CMPD_0000000026:1.CMPD_0000000187","1.CMPD_0000000017"
"59","TRS_0_2_39_0","MNXR92327_MNXM51115","1.CMPD_0000000185","1.CMPD_0000000021"
"59","TRS_0_3_301_0","MNXR55970_MNXM279,MNXR70957_MNXM279,MNXR73258_MNXM279","1.MNXM4:1.MNXM76","1.CMPD_0000000163"
"59","TRS_0_3_315_0","MNXR68295_MNXM565,MNXR90842_MNXM565","1.CMPD_0000000192:1.MNXM42","1.CMPD_0000000030"
"59","TRS_0_3_334_0","MNXR8824_MNXM3476,MNXR94628_MNXM3476","1.CMPD_0000000163:1.MNXM10","1.CMPD_0000000170"
"59","TRS_0_3_47_0","MNXR78501_MNXM481","1.CMPD_0000000021:1.MNXM7","1.CMPD_0000000192"
"59","TRS_0_3_62_0","MNXR12875_MNXM2620,MNXR466_MNXM334,MNXR7025_MNXM4817,MNXR70675_MNXM495,MNXR714_MNXM125,MNXR81551_MNXM334,MNXR81684_MNXM125,MNXR81781_MNXM423,MNXR86319_MNXM3596,MNXR88839_MNXM145884,MNXR891_MNXM423,MNXR91136_MNXM125,MNXR93632_MNXM495,MNXR93637_MNXM4817","1.CMPD_0000000017:1.MNXM2","1.CMPD_0000000185"
"59","TRS_0_3_98_0","MNXR56599_MNXM9","1.MNXM12:1.MNXM2","1.CMPD_0000000187"
